<?xml version="1.0" encoding="UTF-8"?><InteractionHistory Id="local-2" Version="1"><InteractionEvent Delta="null" EndDate="2015-10-09 22:16:16.861 EDT" Interest="131.0" Kind="propagation" Navigation="null" OriginId="org.eclipse.jdt.ui.CompilationUnitEditor" StartDate="2015-10-09 21:52:50.508 EDT" StructureHandle="/Calculator/src/model/Input.java" StructureKind="resource" NumEvents="131" CreationCount="1"/><InteractionEvent Delta="null" EndDate="2015-10-09 21:55:35.216 EDT" Interest="1.0" Kind="selection" Navigation="null" OriginId="org.eclipse.jdt.ui.CompilationUnitEditor" StartDate="2015-10-09 21:55:35.216 EDT" StructureHandle="=Calculator/src&amp;lt;model{Input.java[Input^input" StructureKind="java"/><InteractionEvent Delta="null" EndDate="2015-10-09 22:15:46.353 EDT" Interest="44.617" Kind="propagation" Navigation="org.eclipse.mylyn.core.model.edges.containment" OriginId="org.eclipse.mylyn.core.model.interest.propagation" StartDate="2015-10-09 21:52:50.508 EDT" StructureHandle="=Calculator/src&amp;lt;model{Input.java[Input" StructureKind="java" NumEvents="65" CreationCount="1"/><InteractionEvent Delta="null" EndDate="2015-10-09 21:55:38.373 EDT" Interest="1.0" Kind="edit" Navigation="null" OriginId="org.eclipse.jdt.ui.CompilationUnitEditor" StartDate="2015-10-09 21:55:38.373 EDT" StructureHandle="=Calculator/src&amp;lt;model{Input.java[Input" StructureKind="java"/><InteractionEvent Delta="null" EndDate="2015-10-09 21:55:39.795 EDT" Interest="2.0" Kind="selection" Navigation="null" OriginId="org.eclipse.jdt.ui.CompilationUnitEditor" StartDate="2015-10-09 21:55:36.808 EDT" StructureHandle="=Calculator/src&amp;lt;model{Input.java[Input" StructureKind="java" NumEvents="2" CreationCount="1"/><InteractionEvent Delta="null" EndDate="2015-10-09 22:16:16.861 EDT" Interest="131.0" Kind="propagation" Navigation="org.eclipse.mylyn.core.model.edges.containment" OriginId="org.eclipse.mylyn.core.model.interest.propagation" StartDate="2015-10-09 21:52:50.508 EDT" StructureHandle="=Calculator" StructureKind="resource" NumEvents="131" CreationCount="1"/><InteractionEvent Delta="null" EndDate="2015-10-09 22:15:46.354 EDT" Interest="47.317" Kind="propagation" Navigation="org.eclipse.mylyn.core.model.edges.containment" OriginId="org.eclipse.mylyn.core.model.interest.propagation" StartDate="2015-10-09 21:52:50.509 EDT" StructureHandle="=Calculator/src" StructureKind="java" NumEvents="68" CreationCount="1"/><InteractionEvent Delta="null" EndDate="2015-10-09 22:16:16.861 EDT" Interest="131.0" Kind="propagation" Navigation="org.eclipse.mylyn.core.model.edges.containment" OriginId="org.eclipse.mylyn.core.model.interest.propagation" StartDate="2015-10-09 21:52:50.508 EDT" StructureHandle="/Calculator/src/model" StructureKind="resource" NumEvents="131" CreationCount="1"/><InteractionEvent Delta="null" EndDate="2015-10-09 21:55:48.368 EDT" Interest="1.0" Kind="edit" Navigation="null" OriginId="org.eclipse.jdt.ui.CompilationUnitEditor" StartDate="2015-10-09 21:55:48.368 EDT" StructureHandle="=Calculator/src&amp;lt;model{Input.java[Input^indexoflastelement" StructureKind="java"/><InteractionEvent Delta="null" EndDate="2015-10-09 21:55:41.424 EDT" Interest="1.0" Kind="selection" Navigation="null" OriginId="org.eclipse.jdt.ui.CompilationUnitEditor" StartDate="2015-10-09 21:55:41.424 EDT" StructureHandle="=Calculator/src&amp;lt;model{Input.java[Input^index" StructureKind="java"/><InteractionEvent Delta="null" EndDate="2015-10-09 22:16:16.861 EDT" Interest="131.0" Kind="propagation" Navigation="org.eclipse.mylyn.core.model.edges.containment" OriginId="org.eclipse.mylyn.core.model.interest.propagation" StartDate="2015-10-09 21:52:50.508 EDT" StructureHandle="/" StructureKind="resource" NumEvents="131" CreationCount="1"/><InteractionEvent Delta="null" EndDate="2015-10-09 22:15:46.352 EDT" Interest="59.0" Kind="edit" Navigation="null" OriginId="org.eclipse.jdt.ui.CompilationUnitEditor" StartDate="2015-10-09 21:53:05.307 EDT" StructureHandle="=Calculator/src&amp;lt;model{Input.java[Input~addInput~D" StructureKind="java" NumEvents="59" CreationCount="2"/><InteractionEvent Delta="null" EndDate="2015-10-09 22:14:11.335 EDT" Interest="6.0" Kind="selection" Navigation="null" OriginId="org.eclipse.jdt.ui.CompilationUnitEditor" StartDate="2015-10-09 21:52:51.131 EDT" StructureHandle="=Calculator/src&amp;lt;model{Input.java[Input~addInput~D" StructureKind="java" NumEvents="6" CreationCount="2"/><InteractionEvent Delta="null" EndDate="2015-10-09 22:16:06.423 EDT" Interest="1.0" Kind="edit" Navigation="null" OriginId="org.eclipse.jdt.ui.CompilationUnitEditor" StartDate="2015-10-09 22:16:06.423 EDT" StructureHandle="=Calculator/src&amp;lt;model{Input.java[Input~setInput~\[D" StructureKind="java"/><InteractionEvent Delta="null" EndDate="2015-10-09 22:15:57.22 EDT" Interest="1.0" Kind="selection" Navigation="null" OriginId="org.eclipse.jdt.ui.CompilationUnitEditor" StartDate="2015-10-09 22:15:57.22 EDT" StructureHandle="=Calculator/src&amp;lt;model{Input.java[Input~setInput~QArrayList\&amp;lt;QDouble;&amp;gt;;" StructureKind="java"/><InteractionEvent Delta="null" EndDate="2015-10-09 22:15:46.353 EDT" Interest="44.317" Kind="propagation" Navigation="org.eclipse.mylyn.core.model.edges.containment" OriginId="org.eclipse.mylyn.core.model.interest.propagation" StartDate="2015-10-09 21:52:50.508 EDT" StructureHandle="=Calculator/src&amp;lt;model{Input.java" StructureKind="java" NumEvents="64" CreationCount="1"/><InteractionEvent Delta="null" EndDate="2015-10-09 22:14:09.654 EDT" Interest="3.0" Kind="selection" Navigation="null" OriginId="org.eclipse.jdt.ui.PackageExplorer" StartDate="2015-10-09 21:53:45.764 EDT" StructureHandle="=Calculator/src&amp;lt;model{Input.java" StructureKind="java" NumEvents="3" CreationCount="1"/><InteractionEvent Delta="null" EndDate="2015-10-09 22:15:46.354 EDT" Interest="47.317" Kind="propagation" Navigation="org.eclipse.mylyn.core.model.edges.containment" OriginId="org.eclipse.mylyn.core.model.interest.propagation" StartDate="2015-10-09 21:52:50.508 EDT" StructureHandle="=Calculator/src&amp;lt;model" StructureKind="java" NumEvents="68" CreationCount="1"/><InteractionEvent Delta="null" EndDate="2015-10-09 22:00:45.563 EDT" Interest="38.0" Kind="edit" Navigation="null" OriginId="org.eclipse.jdt.ui.CompilationUnitEditor" StartDate="2015-10-09 21:54:24.777 EDT" StructureHandle="=Calculator/src&amp;lt;model{Input.java[Input~Input~\[D" StructureKind="java" NumEvents="38" CreationCount="1"/><InteractionEvent Delta="null" EndDate="2015-10-09 21:55:53.864 EDT" Interest="3.0" Kind="selection" Navigation="null" OriginId="org.eclipse.jdt.ui.CompilationUnitEditor" StartDate="2015-10-09 21:52:50.507 EDT" StructureHandle="=Calculator/src&amp;lt;model{Input.java[Input~Input~\[D" StructureKind="java" NumEvents="3" CreationCount="1"/><InteractionEvent Delta="null" EndDate="2015-10-09 22:16:16.861 EDT" Interest="131.0" Kind="propagation" Navigation="org.eclipse.mylyn.core.model.edges.containment" OriginId="org.eclipse.mylyn.core.model.interest.propagation" StartDate="2015-10-09 21:52:50.508 EDT" StructureHandle="/Calculator/src" StructureKind="resource" NumEvents="131" CreationCount="1"/><InteractionEvent Delta="null" EndDate="2015-10-09 22:16:16.860 EDT" Interest="5.0" Kind="edit" Navigation="null" OriginId="org.eclipse.jdt.ui.CompilationUnitEditor" StartDate="2015-10-09 22:16:10.297 EDT" StructureHandle="=Calculator/src&amp;lt;model{Input.java[Input~getInput" StructureKind="java" NumEvents="5" CreationCount="126"/><InteractionEvent Delta="null" EndDate="2015-10-09 22:16:07.53 EDT" Interest="1.0" Kind="selection" Navigation="null" OriginId="org.eclipse.jdt.ui.CompilationUnitEditor" StartDate="2015-10-09 22:16:07.53 EDT" StructureHandle="=Calculator/src&amp;lt;model{Input.java[Input~getInput" StructureKind="java"/></InteractionHistory>