<?xml version="1.0" encoding="UTF-8"?><InteractionHistory Id="local-2" Version="1"><InteractionEvent Delta="null" EndDate="2015-10-10 16:23:48.105 EDT" Interest="7.0" Kind="selection" Navigation="null" OriginId="org.eclipse.jdt.ui.CompilationUnitEditor" StartDate="2015-10-10 15:45:17.230 EDT" StructureHandle="=Calculator/src&amp;lt;model{Input.java[Input~calucate~QStack\&amp;lt;QString;&amp;gt;;" StructureKind="java" NumEvents="7" CreationCount="506"/><InteractionEvent Delta="null" EndDate="2015-10-10 15:48:38.519 EDT" Interest="3.0" Kind="edit" Navigation="null" OriginId="org.eclipse.jdt.ui.CompilationUnitEditor" StartDate="2015-10-10 15:45:31.544 EDT" StructureHandle="=Calculator/src&amp;lt;model{Input.java[Input~calucate~QStack\&amp;lt;QString;&amp;gt;;" StructureKind="java" NumEvents="3" CreationCount="506"/><InteractionEvent Delta="null" EndDate="2015-10-10 15:56:48.98 EDT" Interest="1.0" Kind="selection" Navigation="null" OriginId="org.eclipse.jdt.ui.CompilationUnitEditor" StartDate="2015-10-10 15:56:48.98 EDT" StructureHandle="=Calculator/src&amp;lt;model{View.java[View~View[!9~actionPerformed~QActionEvent;" StructureKind="java"/><InteractionEvent Delta="null" EndDate="2015-10-10 15:56:49.501 EDT" Interest="2.0" Kind="edit" Navigation="null" OriginId="org.eclipse.jdt.ui.CompilationUnitEditor" StartDate="2015-10-10 15:56:48.811 EDT" StructureHandle="=Calculator/src&amp;lt;model{View.java[View~View[!9~actionPerformed~QActionEvent;" StructureKind="java" NumEvents="2" CreationCount="712"/><InteractionEvent Delta="null" EndDate="2015-10-10 16:40:31.520 EDT" Interest="156.0" Kind="propagation" Navigation="null" OriginId="org.eclipse.jdt.ui.CompilationUnitEditor" StartDate="2015-10-09 21:52:50.508 EDT" StructureHandle="/Calculator/src/model/Input.java" StructureKind="resource" NumEvents="156" CreationCount="1"/><InteractionEvent Delta="null" EndDate="2015-10-10 15:56:17.8 EDT" Interest="1.0" Kind="selection" Navigation="null" OriginId="org.eclipse.jdt.ui.CompilationUnitEditor" StartDate="2015-10-10 15:56:17.8 EDT" StructureHandle="=Calculator/src&amp;lt;model{View.java[View~View[!6~actionPerformed~QActionEvent;" StructureKind="java"/><InteractionEvent Delta="null" EndDate="2015-10-10 15:17:57.182 EDT" Interest="2.034" Kind="propagation" Navigation="org.eclipse.mylyn.core.model.edges.containment" OriginId="org.eclipse.mylyn.core.model.interest.propagation" StartDate="2015-10-10 15:17:47.752 EDT" StructureHandle="=Calculator/src&amp;lt;model{View.java#" StructureKind="java" NumEvents="3" CreationCount="275"/><InteractionEvent Delta="null" EndDate="2015-10-09 21:55:35.216 EDT" Interest="1.0" Kind="selection" Navigation="null" OriginId="org.eclipse.jdt.ui.CompilationUnitEditor" StartDate="2015-10-09 21:55:35.216 EDT" StructureHandle="=Calculator/src&amp;lt;model{Input.java[Input^input" StructureKind="java"/><InteractionEvent Delta="null" EndDate="2015-10-10 16:25:58.219 EDT" Interest="7.0" Kind="selection" Navigation="null" OriginId="org.eclipse.jdt.ui.CompilationUnitEditor" StartDate="2015-10-09 22:25:21.763 EDT" StructureHandle="=Calculator/src&amp;lt;model{BasicAlgebra.java" StructureKind="java" NumEvents="7" CreationCount="5"/><InteractionEvent Delta="null" EndDate="2015-10-10 16:25:58.775 EDT" Interest="68.07201" Kind="propagation" Navigation="org.eclipse.mylyn.core.model.edges.containment" OriginId="org.eclipse.mylyn.core.model.interest.propagation" StartDate="2015-10-09 22:25:21.792 EDT" StructureHandle="=Calculator/src&amp;lt;model{BasicAlgebra.java" StructureKind="java" NumEvents="96" CreationCount="5"/><InteractionEvent Delta="null" EndDate="2015-10-10 16:36:20.372 EDT" Interest="2.0" Kind="selection" Navigation="null" OriginId="org.eclipse.jdt.ui.CompilationUnitEditor" StartDate="2015-10-10 16:35:51.824 EDT" StructureHandle="=Calculator/src&amp;lt;model{View.java[View~View[!14~actionPerformed~QActionEvent;" StructureKind="java" NumEvents="2" CreationCount="1044"/><InteractionEvent Delta="null" EndDate="2015-10-10 16:36:20.900 EDT" Interest="2.0" Kind="edit" Navigation="null" OriginId="org.eclipse.jdt.ui.CompilationUnitEditor" StartDate="2015-10-10 16:35:54.915 EDT" StructureHandle="=Calculator/src&amp;lt;model{View.java[View~View[!14~actionPerformed~QActionEvent;" StructureKind="java" NumEvents="2" CreationCount="1044"/><InteractionEvent Delta="null" EndDate="2015-10-09 22:31:27.181 EDT" Interest="18.0" Kind="edit" Navigation="null" OriginId="org.eclipse.jdt.ui.CompilationUnitEditor" StartDate="2015-10-09 22:25:22.869 EDT" StructureHandle="=Calculator/src&amp;lt;model{BasicAlgebra.java[BasicAlgebra~addAll~\[D" StructureKind="java" NumEvents="18" CreationCount="134"/><InteractionEvent Delta="null" EndDate="2015-10-10 15:34:09.972 EDT" Interest="7.0" Kind="selection" Navigation="null" OriginId="org.eclipse.jdt.ui.CompilationUnitEditor" StartDate="2015-10-10 15:33:18.165 EDT" StructureHandle="=Calculator/src&amp;lt;model{View.java[View^add" StructureKind="java" NumEvents="7" CreationCount="410"/><InteractionEvent Delta="null" EndDate="2015-10-10 15:33:23.158 EDT" Interest="2.0" Kind="edit" Navigation="null" OriginId="org.eclipse.jdt.ui.CompilationUnitEditor" StartDate="2015-10-10 15:33:18.978 EDT" StructureHandle="=Calculator/src&amp;lt;model{View.java[View^add" StructureKind="java" NumEvents="2" CreationCount="410"/><InteractionEvent Delta="null" EndDate="2015-10-10 16:25:58.47 EDT" Interest="6.0" Kind="selection" Navigation="null" OriginId="org.eclipse.jdt.ui.PackageExplorer" StartDate="2015-10-09 22:34:20.163 EDT" StructureHandle="=Calculator/src&amp;lt;model{BasicAlgebra.java[BasicAlgebra" StructureKind="java" NumEvents="6" CreationCount="95"/><InteractionEvent Delta="null" EndDate="2015-10-10 14:59:53.868 EDT" Interest="62.642002" Kind="propagation" Navigation="org.eclipse.mylyn.core.model.edges.containment" OriginId="org.eclipse.mylyn.core.model.interest.propagation" StartDate="2015-10-09 22:25:21.792 EDT" StructureHandle="=Calculator/src&amp;lt;model{BasicAlgebra.java[BasicAlgebra" StructureKind="java" NumEvents="88" CreationCount="134"/><InteractionEvent Delta="null" EndDate="2015-10-10 16:25:58.775 EDT" Interest="7.0" Kind="edit" Navigation="null" OriginId="org.eclipse.jdt.ui.CompilationUnitEditor" StartDate="2015-10-10 15:45:14.856 EDT" StructureHandle="=Calculator/src&amp;lt;model{BasicAlgebra.java[BasicAlgebra" StructureKind="java" NumEvents="7" CreationCount="95"/><InteractionEvent Delta="null" EndDate="2015-10-10 16:40:27.806 EDT" Interest="799.0" Kind="propagation" Navigation="null" OriginId="org.eclipse.jdt.ui.PackageExplorer" StartDate="2015-10-10 15:01:01.297 EDT" StructureHandle="/Calculator/src/model/View.java" StructureKind="resource" NumEvents="799" CreationCount="258"/><InteractionEvent Delta="null" EndDate="2015-10-10 16:38:08.217 EDT" Interest="27.542002" Kind="propagation" Navigation="org.eclipse.mylyn.core.model.edges.containment" OriginId="org.eclipse.mylyn.core.model.interest.propagation" StartDate="2015-10-10 16:26:53.603 EDT" StructureHandle="=Calculator/src&amp;lt;model{View.java[View~View[" StructureKind="java" NumEvents="20" CreationCount="986"/><InteractionEvent Delta="null" EndDate="2015-10-10 15:55:39.329 EDT" Interest="2.0" Kind="selection" Navigation="null" OriginId="org.eclipse.jdt.ui.CompilationUnitEditor" StartDate="2015-10-10 15:55:31.962 EDT" StructureHandle="=Calculator/src&amp;lt;model{View.java[View~View[!3~actionPerformed~QActionEvent;" StructureKind="java" NumEvents="2" CreationCount="661"/><InteractionEvent Delta="null" EndDate="2015-10-09 22:34:20.894 EDT" Interest="2.0" Kind="selection" Navigation="null" OriginId="org.eclipse.jdt.ui.CompilationUnitEditor" StartDate="2015-10-09 22:32:03.53 EDT" StructureHandle="=Calculator/src&amp;lt;model{BasicAlgebra.java[BasicAlgebra~BasicAlgebra~\[D" StructureKind="java" NumEvents="2" CreationCount="165"/><InteractionEvent Delta="null" EndDate="2015-10-09 22:34:21.759 EDT" Interest="16.0" Kind="edit" Navigation="null" OriginId="org.eclipse.jdt.ui.CompilationUnitEditor" StartDate="2015-10-09 22:32:05.61 EDT" StructureHandle="=Calculator/src&amp;lt;model{BasicAlgebra.java[BasicAlgebra~BasicAlgebra~\[D" StructureKind="java" NumEvents="16" CreationCount="165"/><InteractionEvent Delta="null" EndDate="2015-10-10 16:40:17.58 EDT" Interest="1.0" Kind="propagation" Navigation="null" OriginId="org.eclipse.mylyn.resources.ui.interest.updater" StartDate="2015-10-10 16:40:17.58 EDT" StructureHandle="/Calculator/src/model/InputTest.java" StructureKind="resource"/><InteractionEvent Delta="null" EndDate="2015-10-10 16:32:13.145 EDT" Interest="3.0" Kind="selection" Navigation="null" OriginId="org.eclipse.jdt.ui.CompilationUnitEditor" StartDate="2015-10-10 15:18:37.857 EDT" StructureHandle="=Calculator/src&amp;lt;model{View.java[View^enter" StructureKind="java" NumEvents="3" CreationCount="289"/><InteractionEvent Delta="null" EndDate="2015-10-10 16:32:13.145 EDT" Interest="9.710001" Kind="manipulation" Navigation="null" OriginId="org.eclipse.mylyn.core.model.interest.decay.correction" StartDate="2015-10-10 15:50:02.568 EDT" StructureHandle="=Calculator/src&amp;lt;model{View.java[View^enter" StructureKind="java" NumEvents="2" CreationCount="289"/><InteractionEvent Delta="null" EndDate="2015-10-10 16:32:13.885 EDT" Interest="2.0" Kind="edit" Navigation="null" OriginId="org.eclipse.jdt.ui.CompilationUnitEditor" StartDate="2015-10-10 15:18:38.962 EDT" StructureHandle="=Calculator/src&amp;lt;model{View.java[View^enter" StructureKind="java" NumEvents="2" CreationCount="289"/><InteractionEvent Delta="null" EndDate="2015-10-10 16:40:31.471 EDT" Interest="9.0" Kind="selection" Navigation="null" OriginId="org.eclipse.jdt.ui.CompilationUnitEditor" StartDate="2015-10-09 21:53:45.764 EDT" StructureHandle="=Calculator/src&amp;lt;model{Input.java" StructureKind="java" NumEvents="9" CreationCount="1"/><InteractionEvent Delta="null" EndDate="2015-10-10 15:48:06.88 EDT" Interest="47.317" Kind="propagation" Navigation="org.eclipse.mylyn.core.model.edges.containment" OriginId="org.eclipse.mylyn.core.model.interest.propagation" StartDate="2015-10-09 21:52:50.508 EDT" StructureHandle="=Calculator/src&amp;lt;model{Input.java" StructureKind="java" NumEvents="68" CreationCount="1"/><InteractionEvent Delta="null" EndDate="2015-10-10 16:26:06.188 EDT" Interest="157.0" Kind="propagation" Navigation="null" OriginId="org.eclipse.jdt.ui.PackageExplorer" StartDate="2015-10-09 22:25:21.763 EDT" StructureHandle="/Calculator/src/model/BasicAlgebra.java" StructureKind="resource" NumEvents="157" CreationCount="133"/><InteractionEvent Delta="null" EndDate="2015-10-10 16:26:06.186 EDT" Interest="2.0" Kind="selection" Navigation="null" OriginId="org.eclipse.jdt.ui.PackageExplorer" StartDate="2015-10-10 16:26:00.442 EDT" StructureHandle="=Calculator/src&amp;lt;model{BasicAlgebra.java[BasicAlgebra~add~D~D" StructureKind="java" NumEvents="2" CreationCount="965"/><InteractionEvent Delta="null" EndDate="2015-10-09 22:16:07.53 EDT" Interest="1.0" Kind="selection" Navigation="null" OriginId="org.eclipse.jdt.ui.CompilationUnitEditor" StartDate="2015-10-09 22:16:07.53 EDT" StructureHandle="=Calculator/src&amp;lt;model{Input.java[Input~getInput" StructureKind="java"/><InteractionEvent Delta="null" EndDate="2015-10-09 22:16:16.860 EDT" Interest="5.0" Kind="edit" Navigation="null" OriginId="org.eclipse.jdt.ui.CompilationUnitEditor" StartDate="2015-10-09 22:16:10.297 EDT" StructureHandle="=Calculator/src&amp;lt;model{Input.java[Input~getInput" StructureKind="java" NumEvents="5" CreationCount="126"/><InteractionEvent Delta="null" EndDate="2015-10-10 16:30:03.926 EDT" Interest="10.0" Kind="selection" Navigation="null" OriginId="org.eclipse.jdt.ui.CompilationUnitEditor" StartDate="2015-10-10 16:19:08.29 EDT" StructureHandle="=Calculator/src&amp;lt;model{View.java[View~View[!13~actionPerformed~QActionEvent;" StructureKind="java" NumEvents="10" CreationCount="921"/><InteractionEvent Delta="null" EndDate="2015-10-10 16:30:34.353 EDT" Interest="24.0" Kind="edit" Navigation="null" OriginId="org.eclipse.jdt.ui.CompilationUnitEditor" StartDate="2015-10-10 16:20:44.776 EDT" StructureHandle="=Calculator/src&amp;lt;model{View.java[View~View[!13~actionPerformed~QActionEvent;" StructureKind="java" NumEvents="24" CreationCount="921"/><InteractionEvent Delta="null" EndDate="2015-10-10 16:39:07.300 EDT" Interest="48.0" Kind="selection" Navigation="null" OriginId="org.eclipse.jdt.ui.CompilationUnitEditor" StartDate="2015-10-10 15:20:27.747 EDT" StructureHandle="=Calculator/src&amp;lt;model{View.java[View~View" StructureKind="java" NumEvents="48" CreationCount="315"/><InteractionEvent Delta="null" EndDate="2015-10-10 16:40:03.87 EDT" Interest="482.0" Kind="edit" Navigation="null" OriginId="org.eclipse.jdt.ui.CompilationUnitEditor" StartDate="2015-10-10 15:20:29.277 EDT" StructureHandle="=Calculator/src&amp;lt;model{View.java[View~View" StructureKind="java" NumEvents="482" CreationCount="315"/><InteractionEvent Delta="null" EndDate="2015-10-10 16:04:17.858 EDT" Interest="1.0" Kind="selection" Navigation="null" OriginId="org.eclipse.jdt.ui.CompilationUnitEditor" StartDate="2015-10-10 16:04:17.858 EDT" StructureHandle="=Calculator/src&amp;lt;model{View.java[View^subtract" StructureKind="java"/><InteractionEvent Delta="null" EndDate="2015-10-09 21:55:48.368 EDT" Interest="1.0" Kind="edit" Navigation="null" OriginId="org.eclipse.jdt.ui.CompilationUnitEditor" StartDate="2015-10-09 21:55:48.368 EDT" StructureHandle="=Calculator/src&amp;lt;model{Input.java[Input^indexoflastelement" StructureKind="java"/><InteractionEvent Delta="null" EndDate="2015-10-10 15:33:24.651 EDT" Interest="1.0" Kind="selection" Navigation="null" OriginId="org.eclipse.jdt.ui.CompilationUnitEditor" StartDate="2015-10-10 15:33:24.651 EDT" StructureHandle="=Calculator/src&amp;lt;model{View.java[View^three" StructureKind="java"/><InteractionEvent Delta="null" EndDate="2015-10-10 16:32:32.990 EDT" Interest="1.0" Kind="selection" Navigation="null" OriginId="org.eclipse.jdt.ui.CompilationUnitEditor" StartDate="2015-10-10 16:32:32.990 EDT" StructureHandle="=Calculator/src&amp;lt;model{View.java[View^allclear" StructureKind="java"/><InteractionEvent Delta="null" EndDate="2015-10-10 16:40:31.521 EDT" Interest="1117.0" Kind="propagation" Navigation="org.eclipse.mylyn.core.model.edges.containment" OriginId="org.eclipse.mylyn.core.model.interest.propagation" StartDate="2015-10-09 21:52:50.508 EDT" StructureHandle="/" StructureKind="resource" NumEvents="1117" CreationCount="1"/><InteractionEvent Delta="null" EndDate="2015-10-10 16:24:44.86 EDT" Interest="2.0" Kind="selection" Navigation="null" OriginId="org.eclipse.jdt.ui.CompilationUnitEditor" StartDate="2015-10-10 15:50:30.248 EDT" StructureHandle="=Calculator/src&amp;lt;model{View.java[View^input" StructureKind="java" NumEvents="2" CreationCount="594"/><InteractionEvent Delta="null" EndDate="2015-10-10 16:24:44.86 EDT" Interest="4.335" Kind="manipulation" Navigation="null" OriginId="org.eclipse.mylyn.core.model.interest.decay.correction" StartDate="2015-10-10 16:24:44.86 EDT" StructureHandle="=Calculator/src&amp;lt;model{View.java[View^input" StructureKind="java"/><InteractionEvent Delta="null" EndDate="2015-10-10 15:50:32.106 EDT" Interest="1.0" Kind="edit" Navigation="null" OriginId="org.eclipse.jdt.ui.CompilationUnitEditor" StartDate="2015-10-10 15:50:32.106 EDT" StructureHandle="=Calculator/src&amp;lt;model{View.java[View^input" StructureKind="java"/><InteractionEvent Delta="null" EndDate="2015-10-10 16:26:23.249 EDT" Interest="3.0" Kind="selection" Navigation="null" OriginId="org.eclipse.jdt.ui.CompilationUnitEditor" StartDate="2015-10-10 16:24:48.736 EDT" StructureHandle="=Calculator/src&amp;lt;model{View.java[View^math" StructureKind="java" NumEvents="3" CreationCount="954"/><InteractionEvent Delta="null" EndDate="2015-10-10 16:26:06.346 EDT" Interest="13.0" Kind="selection" Navigation="null" OriginId="org.eclipse.jdt.ui.CompilationUnitEditor" StartDate="2015-10-10 15:01:01.407 EDT" StructureHandle="=Calculator/src&amp;lt;model{View.java" StructureKind="java" NumEvents="13" CreationCount="258"/><InteractionEvent Delta="null" EndDate="2015-10-10 16:40:03.88 EDT" Interest="369.869" Kind="propagation" Navigation="org.eclipse.mylyn.core.model.edges.containment" OriginId="org.eclipse.mylyn.core.model.interest.propagation" StartDate="2015-10-10 15:01:01.297 EDT" StructureHandle="=Calculator/src&amp;lt;model{View.java" StructureKind="java" NumEvents="527" CreationCount="258"/><InteractionEvent Delta="null" EndDate="2015-10-10 15:18:00.606 EDT" Interest="5.0" Kind="edit" Navigation="null" OriginId="org.eclipse.jdt.ui.CompilationUnitEditor" StartDate="2015-10-10 15:17:45.363 EDT" StructureHandle="=Calculator/src&amp;lt;model{View.java" StructureKind="java" NumEvents="5" CreationCount="258"/><InteractionEvent Delta="null" EndDate="2015-10-10 16:40:17.58 EDT" Interest="1.0" Kind="propagation" Navigation="null" OriginId="org.eclipse.mylyn.resources.ui.interest.updater" StartDate="2015-10-10 16:40:17.58 EDT" StructureHandle="=Calculator/src&amp;lt;model{InputTest.java" StructureKind="java"/><InteractionEvent Delta="null" EndDate="2015-10-10 15:50:01.691 EDT" Interest="4.0" Kind="selection" Navigation="null" OriginId="org.eclipse.jdt.ui.CompilationUnitEditor" StartDate="2015-10-10 15:19:46.308 EDT" StructureHandle="=Calculator/src&amp;lt;model{View.java[View^result" StructureKind="java" NumEvents="4" CreationCount="304"/><InteractionEvent Delta="null" EndDate="2015-10-10 15:50:01.692 EDT" Interest="0.92400026" Kind="manipulation" Navigation="null" OriginId="org.eclipse.mylyn.core.model.interest.decay.correction" StartDate="2015-10-10 15:46:48.570 EDT" StructureHandle="=Calculator/src&amp;lt;model{View.java[View^result" StructureKind="java" NumEvents="2" CreationCount="304"/><InteractionEvent Delta="null" EndDate="2015-10-10 15:19:47.326 EDT" Interest="1.0" Kind="edit" Navigation="null" OriginId="org.eclipse.jdt.ui.CompilationUnitEditor" StartDate="2015-10-10 15:19:47.326 EDT" StructureHandle="=Calculator/src&amp;lt;model{View.java[View^result" StructureKind="java"/><InteractionEvent Delta="null" EndDate="2015-10-09 22:25:53.37 EDT" Interest="3.0" Kind="selection" Navigation="null" OriginId="org.eclipse.jdt.ui.CompilationUnitEditor" StartDate="2015-10-09 22:25:21.792 EDT" StructureHandle="=Calculator/src&amp;lt;model{BasicAlgebra.java[BasicAlgebra~addAll~QList\&amp;lt;QDouble;&amp;gt;;" StructureKind="java" NumEvents="3" CreationCount="134"/><InteractionEvent Delta="null" EndDate="2015-10-10 15:33:46.165 EDT" Interest="2.0" Kind="selection" Navigation="null" OriginId="org.eclipse.jdt.ui.CompilationUnitEditor" StartDate="2015-10-10 15:33:20.727 EDT" StructureHandle="=Calculator/src&amp;lt;model{View.java[View^one" StructureKind="java" NumEvents="2" CreationCount="412"/><InteractionEvent Delta="null" EndDate="2015-10-10 15:33:50.847 EDT" Interest="2.0" Kind="edit" Navigation="null" OriginId="org.eclipse.jdt.ui.CompilationUnitEditor" StartDate="2015-10-10 15:33:49.512 EDT" StructureHandle="=Calculator/src&amp;lt;model{View.java[View^one" StructureKind="java" NumEvents="2" CreationCount="412"/><InteractionEvent Delta="null" EndDate="2015-10-10 14:59:55.927 EDT" Interest="2.0" Kind="selection" Navigation="null" OriginId="org.eclipse.jdt.ui.PackageExplorer" StartDate="2015-10-09 22:25:47.927 EDT" StructureHandle="=Calculator/src" StructureKind="java" NumEvents="2" CreationCount="1"/><InteractionEvent Delta="null" EndDate="2015-10-10 16:40:03.88 EDT" Interest="388.73798" Kind="propagation" Navigation="org.eclipse.mylyn.core.model.edges.containment" OriginId="org.eclipse.mylyn.core.model.interest.propagation" StartDate="2015-10-09 21:52:50.509 EDT" StructureHandle="=Calculator/src" StructureKind="java" NumEvents="560" CreationCount="1"/><InteractionEvent Delta="null" EndDate="2015-10-10 15:33:31.447 EDT" Interest="1.0" Kind="selection" Navigation="null" OriginId="org.eclipse.jdt.ui.CompilationUnitEditor" StartDate="2015-10-10 15:33:31.447 EDT" StructureHandle="=Calculator/src&amp;lt;model{View.java[View^six" StructureKind="java"/><InteractionEvent Delta="null" EndDate="2015-10-10 15:33:33.499 EDT" Interest="1.0" Kind="selection" Navigation="null" OriginId="org.eclipse.jdt.ui.CompilationUnitEditor" StartDate="2015-10-10 15:33:33.499 EDT" StructureHandle="=Calculator/src&amp;lt;model{View.java[View^e" StructureKind="java"/><InteractionEvent Delta="null" EndDate="2015-10-09 22:25:18.625 EDT" Interest="7.0" Kind="selection" Navigation="null" OriginId="org.eclipse.jdt.ui.CompilationUnitEditor" StartDate="2015-10-09 21:52:51.131 EDT" StructureHandle="=Calculator/src&amp;lt;model{Input.java[Input~addInput~D" StructureKind="java" NumEvents="7" CreationCount="2"/><InteractionEvent Delta="null" EndDate="2015-10-09 22:15:46.352 EDT" Interest="59.0" Kind="edit" Navigation="null" OriginId="org.eclipse.jdt.ui.CompilationUnitEditor" StartDate="2015-10-09 21:53:05.307 EDT" StructureHandle="=Calculator/src&amp;lt;model{Input.java[Input~addInput~D" StructureKind="java" NumEvents="59" CreationCount="2"/><InteractionEvent Delta="null" EndDate="2015-10-10 15:19:31.178 EDT" Interest="1.0" Kind="selection" Navigation="null" OriginId="org.eclipse.jdt.ui.CompilationUnitEditor" StartDate="2015-10-10 15:19:31.178 EDT" StructureHandle="=Calculator/src&amp;lt;model{View.java#javax.swing.JEditorPane" StructureKind="java"/><InteractionEvent Delta="null" EndDate="2015-10-10 16:38:06.276 EDT" Interest="15.0" Kind="selection" Navigation="null" OriginId="org.eclipse.jdt.ui.CompilationUnitEditor" StartDate="2015-10-10 15:51:47.478 EDT" StructureHandle="=Calculator/src&amp;lt;model{View.java[View~View[~actionPerformed~QActionEvent;" StructureKind="java" NumEvents="15" CreationCount="612"/><InteractionEvent Delta="null" EndDate="2015-10-10 16:38:08.216 EDT" Interest="27.0" Kind="edit" Navigation="null" OriginId="org.eclipse.jdt.ui.CompilationUnitEditor" StartDate="2015-10-10 15:51:53.274 EDT" StructureHandle="=Calculator/src&amp;lt;model{View.java[View~View[~actionPerformed~QActionEvent;" StructureKind="java" NumEvents="27" CreationCount="612"/><InteractionEvent Delta="null" EndDate="2015-10-09 22:16:06.423 EDT" Interest="1.0" Kind="edit" Navigation="null" OriginId="org.eclipse.jdt.ui.CompilationUnitEditor" StartDate="2015-10-09 22:16:06.423 EDT" StructureHandle="=Calculator/src&amp;lt;model{Input.java[Input~setInput~\[D" StructureKind="java"/><InteractionEvent Delta="null" EndDate="2015-10-10 15:56:27.347 EDT" Interest="1.0" Kind="selection" Navigation="null" OriginId="org.eclipse.jdt.ui.CompilationUnitEditor" StartDate="2015-10-10 15:56:27.347 EDT" StructureHandle="=Calculator/src&amp;lt;model{View.java[View~View[!7~actionPerformed~QActionEvent;" StructureKind="java"/><InteractionEvent Delta="null" EndDate="2015-10-10 16:40:27.803 EDT" Interest="5.0" Kind="selection" Navigation="null" OriginId="org.eclipse.jdt.ui.PackageExplorer" StartDate="2015-10-10 16:37:24.243 EDT" StructureHandle="=Calculator/src&amp;lt;model{View.java[View~View[!15~actionPerformed~QActionEvent;" StructureKind="java" NumEvents="5" CreationCount="1062"/><InteractionEvent Delta="null" EndDate="2015-10-10 16:40:20.292 EDT" Interest="3.0" Kind="edit" Navigation="null" OriginId="org.eclipse.jdt.ui.CompilationUnitEditor" StartDate="2015-10-10 16:37:26.357 EDT" StructureHandle="=Calculator/src&amp;lt;model{View.java[View~View[!15~actionPerformed~QActionEvent;" StructureKind="java" NumEvents="3" CreationCount="1062"/><InteractionEvent Delta="null" EndDate="2015-10-10 15:33:28.510 EDT" Interest="1.0" Kind="selection" Navigation="null" OriginId="org.eclipse.jdt.ui.CompilationUnitEditor" StartDate="2015-10-10 15:33:28.510 EDT" StructureHandle="=Calculator/src&amp;lt;model{View.java[View^fou" StructureKind="java"/><InteractionEvent Delta="null" EndDate="2015-10-10 15:55:54.234 EDT" Interest="1.0" Kind="selection" Navigation="null" OriginId="org.eclipse.jdt.ui.CompilationUnitEditor" StartDate="2015-10-10 15:55:54.234 EDT" StructureHandle="=Calculator/src&amp;lt;model{View.java[View~View[!4~actionPerformed~QActionEvent;" StructureKind="java"/><InteractionEvent Delta="null" EndDate="2015-10-10 15:00:23.599 EDT" Interest="2.0" Kind="selection" Navigation="null" OriginId="org.eclipse.jdt.ui.PackageExplorer" StartDate="2015-10-09 22:25:37.189 EDT" StructureHandle="=Calculator/src&amp;lt;model" StructureKind="java" NumEvents="2" CreationCount="1"/><InteractionEvent Delta="null" EndDate="2015-10-10 16:40:03.88 EDT" Interest="388.73798" Kind="propagation" Navigation="org.eclipse.mylyn.core.model.edges.containment" OriginId="org.eclipse.mylyn.core.model.interest.propagation" StartDate="2015-10-09 21:52:50.508 EDT" StructureHandle="=Calculator/src&amp;lt;model" StructureKind="java" NumEvents="563" CreationCount="1"/><InteractionEvent Delta="null" EndDate="2015-10-10 16:04:42.94 EDT" Interest="1.0" Kind="selection" Navigation="null" OriginId="org.eclipse.jdt.ui.CompilationUnitEditor" StartDate="2015-10-10 16:04:42.94 EDT" StructureHandle="=Calculator/src&amp;lt;model{View.java[View~View[!12~actionPerformed~QActionEvent;" StructureKind="java"/><InteractionEvent Delta="null" EndDate="2015-10-10 16:40:31.521 EDT" Interest="1117.0" Kind="propagation" Navigation="null" OriginId="org.eclipse.jdt.ui.CompilationUnitEditor" StartDate="2015-10-09 21:52:50.508 EDT" StructureHandle="/Calculator/src" StructureKind="resource" NumEvents="1117" CreationCount="1"/><InteractionEvent Delta="null" EndDate="2015-10-09 22:15:57.22 EDT" Interest="1.0" Kind="selection" Navigation="null" OriginId="org.eclipse.jdt.ui.CompilationUnitEditor" StartDate="2015-10-09 22:15:57.22 EDT" StructureHandle="=Calculator/src&amp;lt;model{Input.java[Input~setInput~QArrayList\&amp;lt;QDouble;&amp;gt;;" StructureKind="java"/><InteractionEvent Delta="null" EndDate="2015-10-10 16:32:34.408 EDT" Interest="23.0" Kind="selection" Navigation="null" OriginId="org.eclipse.jdt.ui.CompilationUnitEditor" StartDate="2015-10-10 15:01:05.849 EDT" StructureHandle="=Calculator/src&amp;lt;model{View.java[View" StructureKind="java" NumEvents="23" CreationCount="121"/><InteractionEvent Delta="null" EndDate="2015-10-10 15:15:38.837 EDT" Interest="1.3970001" Kind="manipulation" Navigation="null" OriginId="org.eclipse.mylyn.core.model.interest.decay.correction" StartDate="2015-10-10 15:15:38.837 EDT" StructureHandle="=Calculator/src&amp;lt;model{View.java[View" StructureKind="java"/><InteractionEvent Delta="null" EndDate="2015-10-10 16:26:22.296 EDT" Interest="40.0" Kind="edit" Navigation="null" OriginId="org.eclipse.jdt.ui.CompilationUnitEditor" StartDate="2015-10-10 15:17:08.58 EDT" StructureHandle="=Calculator/src&amp;lt;model{View.java[View" StructureKind="java" NumEvents="40" CreationCount="121"/><InteractionEvent Delta="null" EndDate="2015-10-10 16:40:03.87 EDT" Interest="336.301" Kind="propagation" Navigation="org.eclipse.mylyn.core.model.edges.containment" OriginId="org.eclipse.mylyn.core.model.interest.propagation" StartDate="2015-10-10 15:22:17.936 EDT" StructureHandle="=Calculator/src&amp;lt;model{View.java[View" StructureKind="java" NumEvents="476" CreationCount="121"/><InteractionEvent Delta="null" EndDate="2015-10-10 15:34:08.342 EDT" Interest="3.0" Kind="selection" Navigation="null" OriginId="org.eclipse.jdt.ui.CompilationUnitEditor" StartDate="2015-10-10 15:33:35.77 EDT" StructureHandle="=Calculator/src&amp;lt;model{View.java[View^nine" StructureKind="java" NumEvents="3" CreationCount="422"/><InteractionEvent Delta="null" EndDate="2015-10-10 15:17:47.751 EDT" Interest="1.0" Kind="selection" Navigation="null" OriginId="org.eclipse.jdt.ui.CompilationUnitEditor" StartDate="2015-10-10 15:17:47.751 EDT" StructureHandle="=Calculator/src&amp;lt;model{View.java#javax.swing.JButton" StructureKind="java"/><InteractionEvent Delta="null" EndDate="2015-10-10 16:40:31.521 EDT" Interest="1117.0" Kind="propagation" Navigation="org.eclipse.mylyn.core.model.edges.containment" OriginId="org.eclipse.mylyn.core.model.interest.propagation" StartDate="2015-10-09 21:52:50.508 EDT" StructureHandle="=Calculator" StructureKind="resource" NumEvents="1117" CreationCount="1"/><InteractionEvent Delta="null" EndDate="2015-10-10 15:33:54.248 EDT" Interest="1.0" Kind="selection" Navigation="null" OriginId="org.eclipse.jdt.ui.CompilationUnitEditor" StartDate="2015-10-10 15:33:54.248 EDT" StructureHandle="=Calculator/src&amp;lt;model{View.java[View^seven" StructureKind="java"/><InteractionEvent Delta="null" EndDate="2015-10-10 15:33:55.579 EDT" Interest="2.0" Kind="edit" Navigation="null" OriginId="org.eclipse.jdt.ui.CompilationUnitEditor" StartDate="2015-10-10 15:33:55.111 EDT" StructureHandle="=Calculator/src&amp;lt;model{View.java[View^seven" StructureKind="java" NumEvents="2" CreationCount="431"/><InteractionEvent Delta="null" EndDate="2015-10-10 16:40:31.520 EDT" Interest="1115.0" Kind="propagation" Navigation="null" OriginId="org.eclipse.jdt.ui.CompilationUnitEditor" StartDate="2015-10-09 21:52:50.508 EDT" StructureHandle="/Calculator/src/model" StructureKind="resource" NumEvents="1115" CreationCount="1"/><InteractionEvent Delta="null" EndDate="2015-10-10 15:56:49.502 EDT" Interest="2.4" Kind="propagation" Navigation="org.eclipse.mylyn.core.model.edges.containment" OriginId="org.eclipse.mylyn.core.model.interest.propagation" StartDate="2015-10-10 15:56:48.100 EDT" StructureHandle="=Calculator/src&amp;lt;model{View.java[View~View[!9" StructureKind="java" NumEvents="3" CreationCount="712"/><InteractionEvent Delta="null" EndDate="2015-10-10 15:56:50.345 EDT" Interest="2.0" Kind="propagation" Navigation="org.eclipse.mylyn.core.model.edges.containment" OriginId="org.eclipse.mylyn.core.model.interest.propagation" StartDate="2015-10-10 15:56:38.556 EDT" StructureHandle="=Calculator/src&amp;lt;model{View.java[View~View[!8" StructureKind="java" NumEvents="2" CreationCount="704"/><InteractionEvent Delta="null" EndDate="2015-10-09 21:55:41.424 EDT" Interest="1.0" Kind="selection" Navigation="null" OriginId="org.eclipse.jdt.ui.CompilationUnitEditor" StartDate="2015-10-09 21:55:41.424 EDT" StructureHandle="=Calculator/src&amp;lt;model{Input.java[Input^index" StructureKind="java"/><InteractionEvent Delta="null" EndDate="2015-10-10 15:56:17.8 EDT" Interest="1.0" Kind="propagation" Navigation="org.eclipse.mylyn.core.model.edges.containment" OriginId="org.eclipse.mylyn.core.model.interest.propagation" StartDate="2015-10-10 15:56:17.8 EDT" StructureHandle="=Calculator/src&amp;lt;model{View.java[View~View[!6" StructureKind="java"/><InteractionEvent Delta="null" EndDate="2015-10-10 16:03:17.968 EDT" Interest="1.0" Kind="selection" Navigation="null" OriginId="org.eclipse.jdt.ui.CompilationUnitEditor" StartDate="2015-10-10 16:03:17.968 EDT" StructureHandle="=Calculator/src&amp;lt;model{View.java[View~View[!11~actionPerformed~QActionEvent;" StructureKind="java"/><InteractionEvent Delta="null" EndDate="2015-10-10 16:03:32.870 EDT" Interest="4.0" Kind="edit" Navigation="null" OriginId="org.eclipse.jdt.ui.CompilationUnitEditor" StartDate="2015-10-10 16:03:18.899 EDT" StructureHandle="=Calculator/src&amp;lt;model{View.java[View~View[!11~actionPerformed~QActionEvent;" StructureKind="java" NumEvents="4" CreationCount="835"/><InteractionEvent Delta="null" EndDate="2015-10-10 15:17:57.182 EDT" Interest="2.0" Kind="selection" Navigation="null" OriginId="org.eclipse.jdt.ui.CompilationUnitEditor" StartDate="2015-10-10 15:17:56.699 EDT" StructureHandle="=Calculator/src&amp;lt;model{View.java#javax.swing.JPanel" StructureKind="java" NumEvents="2" CreationCount="277"/><InteractionEvent Delta="null" EndDate="2015-10-10 16:04:42.94 EDT" Interest="1.0" Kind="propagation" Navigation="org.eclipse.mylyn.core.model.edges.containment" OriginId="org.eclipse.mylyn.core.model.interest.propagation" StartDate="2015-10-10 16:04:42.94 EDT" StructureHandle="=Calculator/src&amp;lt;model{View.java[View~View[!12" StructureKind="java"/><InteractionEvent Delta="null" EndDate="2015-10-10 14:59:53.868 EDT" Interest="3.0" Kind="selection" Navigation="null" OriginId="org.eclipse.jdt.ui.PackageExplorer" StartDate="2015-10-09 22:31:31.282 EDT" StructureHandle="=Calculator/src&amp;lt;model{BasicAlgebra.java[BasicAlgebra~subAll~\[D" StructureKind="java" NumEvents="3" CreationCount="160"/><InteractionEvent Delta="null" EndDate="2015-10-10 14:58:56.827 EDT" Interest="86.0" Kind="edit" Navigation="null" OriginId="org.eclipse.jdt.ui.CompilationUnitEditor" StartDate="2015-10-09 22:37:32.822 EDT" StructureHandle="=Calculator/src&amp;lt;model{BasicAlgebra.java[BasicAlgebra~subAll~\[D" StructureKind="java" NumEvents="86" CreationCount="160"/><InteractionEvent Delta="null" EndDate="2015-10-10 16:03:32.870 EDT" Interest="3.8" Kind="propagation" Navigation="org.eclipse.mylyn.core.model.edges.containment" OriginId="org.eclipse.mylyn.core.model.interest.propagation" StartDate="2015-10-10 16:03:17.969 EDT" StructureHandle="=Calculator/src&amp;lt;model{View.java[View~View[!11" StructureKind="java" NumEvents="5" CreationCount="835"/><InteractionEvent Delta="null" EndDate="2015-10-10 15:55:29.931 EDT" Interest="1.0" Kind="selection" Navigation="null" OriginId="org.eclipse.jdt.ui.CompilationUnitEditor" StartDate="2015-10-10 15:55:29.931 EDT" StructureHandle="=Calculator/src&amp;lt;model{View.java[View~View[!2~actionPerformed~QActionEvent;" StructureKind="java"/><InteractionEvent Delta="null" EndDate="2015-10-09 21:55:53.864 EDT" Interest="3.0" Kind="selection" Navigation="null" OriginId="org.eclipse.jdt.ui.CompilationUnitEditor" StartDate="2015-10-09 21:52:50.507 EDT" StructureHandle="=Calculator/src&amp;lt;model{Input.java[Input~Input~\[D" StructureKind="java" NumEvents="3" CreationCount="1"/><InteractionEvent Delta="null" EndDate="2015-10-09 22:00:45.563 EDT" Interest="38.0" Kind="edit" Navigation="null" OriginId="org.eclipse.jdt.ui.CompilationUnitEditor" StartDate="2015-10-09 21:54:24.777 EDT" StructureHandle="=Calculator/src&amp;lt;model{Input.java[Input~Input~\[D" StructureKind="java" NumEvents="38" CreationCount="1"/><InteractionEvent Delta="null" EndDate="2015-10-10 15:56:50.344 EDT" Interest="2.0" Kind="selection" Navigation="null" OriginId="org.eclipse.jdt.ui.CompilationUnitEditor" StartDate="2015-10-10 15:56:38.555 EDT" StructureHandle="=Calculator/src&amp;lt;model{View.java[View~View[!8~actionPerformed~QActionEvent;" StructureKind="java" NumEvents="2" CreationCount="704"/><InteractionEvent Delta="null" EndDate="2015-10-10 16:40:27.805 EDT" Interest="7.1" Kind="propagation" Navigation="org.eclipse.mylyn.core.model.edges.containment" OriginId="org.eclipse.mylyn.core.model.interest.propagation" StartDate="2015-10-10 16:37:24.243 EDT" StructureHandle="=Calculator/src&amp;lt;model{View.java[View~View[!15" StructureKind="java" NumEvents="8" CreationCount="1062"/><InteractionEvent Delta="null" EndDate="2015-10-10 16:36:20.901 EDT" Interest="3.4" Kind="propagation" Navigation="org.eclipse.mylyn.core.model.edges.containment" OriginId="org.eclipse.mylyn.core.model.interest.propagation" StartDate="2015-10-10 16:35:51.825 EDT" StructureHandle="=Calculator/src&amp;lt;model{View.java[View~View[!14" StructureKind="java" NumEvents="4" CreationCount="1044"/><InteractionEvent Delta="null" EndDate="2015-10-10 15:56:05.151 EDT" Interest="1.0" Kind="selection" Navigation="null" OriginId="org.eclipse.jdt.ui.CompilationUnitEditor" StartDate="2015-10-10 15:56:05.151 EDT" StructureHandle="=Calculator/src&amp;lt;model{View.java[View~View[!5~actionPerformed~QActionEvent;" StructureKind="java"/><InteractionEvent Delta="null" EndDate="2015-10-10 16:31:53.848 EDT" Interest="2.0" Kind="selection" Navigation="null" OriginId="org.eclipse.jdt.ui.CompilationUnitEditor" StartDate="2015-10-10 16:19:12.305 EDT" StructureHandle="=Calculator/src&amp;lt;model{View.java[View~View[!13" StructureKind="java" NumEvents="2" CreationCount="921"/><InteractionEvent Delta="null" EndDate="2015-10-10 16:30:34.354 EDT" Interest="25.8" Kind="propagation" Navigation="org.eclipse.mylyn.core.model.edges.containment" OriginId="org.eclipse.mylyn.core.model.interest.propagation" StartDate="2015-10-10 16:19:08.30 EDT" StructureHandle="=Calculator/src&amp;lt;model{View.java[View~View[!13" StructureKind="java" NumEvents="33" CreationCount="921"/><InteractionEvent Delta="null" EndDate="2015-10-10 16:40:27.932 EDT" Interest="9.0" Kind="selection" Navigation="null" OriginId="org.eclipse.jdt.ui.PackageExplorer" StartDate="2015-10-09 21:55:36.808 EDT" StructureHandle="=Calculator/src&amp;lt;model{Input.java[Input" StructureKind="java" NumEvents="9" CreationCount="1"/><InteractionEvent Delta="null" EndDate="2015-10-10 16:40:31.520 EDT" Interest="2.0" Kind="edit" Navigation="null" OriginId="org.eclipse.jdt.ui.CompilationUnitEditor" StartDate="2015-10-09 21:55:38.373 EDT" StructureHandle="=Calculator/src&amp;lt;model{Input.java[Input" StructureKind="java" NumEvents="2" CreationCount="1"/><InteractionEvent Delta="null" EndDate="2015-10-09 22:25:18.625 EDT" Interest="45.617" Kind="propagation" Navigation="org.eclipse.mylyn.core.model.edges.containment" OriginId="org.eclipse.mylyn.core.model.interest.propagation" StartDate="2015-10-09 21:52:50.508 EDT" StructureHandle="=Calculator/src&amp;lt;model{Input.java[Input" StructureKind="java" NumEvents="66" CreationCount="1"/></InteractionHistory>