<?xml version="1.0" encoding="UTF-8"?><InteractionHistory Id="local-2" Version="1"><InteractionEvent Delta="null" EndDate="2015-10-17 15:10:27.847 EDT" Interest="2443.311" Kind="propagation" Navigation="org.eclipse.mylyn.core.model.edges.containment" OriginId="org.eclipse.mylyn.core.model.interest.propagation" StartDate="2015-10-11 13:48:30.321 EDT" StructureHandle="" StructureKind="java" NumEvents="6" CreationCount="0"/><InteractionEvent Delta="null" EndDate="2015-10-17 15:21:54.106 EDT" Interest="1.0" Kind="propagation" Navigation="null" OriginId="org.eclipse.mylyn.resources.ui.interest.updater" StartDate="2015-10-17 15:21:54.106 EDT" StructureHandle="=Battleship/src&amp;lt;{BshipProtocol.java" StructureKind="java"/><InteractionEvent Delta="null" EndDate="2015-10-17 15:26:37.975 EDT" Interest="8.0" Kind="selection" Navigation="null" OriginId="org.eclipse.jdt.ui.CompilationUnitEditor" StartDate="2015-10-17 15:21:54.208 EDT" StructureHandle="=Battleship/src&amp;lt;{BshipProtocol.java" StructureKind="java" NumEvents="8" CreationCount="2083"/><InteractionEvent Delta="null" EndDate="2015-10-17 15:21:56.975 EDT" Interest="3.0" Kind="edit" Navigation="null" OriginId="org.eclipse.jdt.ui.CompilationUnitEditor" StartDate="2015-10-17 15:21:54.350 EDT" StructureHandle="=Battleship/src&amp;lt;{BshipProtocol.java" StructureKind="java" NumEvents="3" CreationCount="2083"/><InteractionEvent Delta="null" EndDate="2015-10-24 09:22:07.837 EDT" Interest="14.0" Kind="selection" Navigation="null" OriginId="org.eclipse.jdt.ui.CompilationUnitEditor" StartDate="2015-10-10 15:45:17.230 EDT" StructureHandle="=Calculator/src&amp;lt;model{Input.java[Input~calucate~QStack\&amp;lt;QString;&amp;gt;;" StructureKind="java" NumEvents="14" CreationCount="2308"/><InteractionEvent Delta="null" EndDate="2015-10-24 09:19:46.310 EDT" Interest="8.0" Kind="edit" Navigation="null" OriginId="org.eclipse.jdt.ui.CompilationUnitEditor" StartDate="2015-10-10 15:45:31.544 EDT" StructureHandle="=Calculator/src&amp;lt;model{Input.java[Input~calucate~QStack\&amp;lt;QString;&amp;gt;;" StructureKind="java" NumEvents="8" CreationCount="2308"/><InteractionEvent Delta="null" EndDate="2015-10-24 08:22:21.654 EDT" Interest="21.704" Kind="manipulation" Navigation="null" OriginId="org.eclipse.mylyn.core.model.interest.decay.correction" StartDate="2015-10-24 08:22:21.654 EDT" StructureHandle="=Calculator/src&amp;lt;model{Input.java[Input~calucate~QStack\&amp;lt;QString;&amp;gt;;" StructureKind="java"/><InteractionEvent Delta="null" EndDate="2015-10-10 17:42:46.3 EDT" Interest="2.0" Kind="selection" Navigation="null" OriginId="org.eclipse.jdt.ui.CompilationUnitEditor" StartDate="2015-10-10 15:56:48.98 EDT" StructureHandle="=Calculator/src&amp;lt;model{View.java[View~View[!9~actionPerformed~QActionEvent;" StructureKind="java" NumEvents="2" CreationCount="712"/><InteractionEvent Delta="null" EndDate="2015-10-10 17:42:49.823 EDT" Interest="5.0" Kind="edit" Navigation="null" OriginId="org.eclipse.jdt.ui.CompilationUnitEditor" StartDate="2015-10-10 15:56:48.811 EDT" StructureHandle="=Calculator/src&amp;lt;model{View.java[View~View[!9~actionPerformed~QActionEvent;" StructureKind="java" NumEvents="5" CreationCount="712"/><InteractionEvent Delta="null" EndDate="2015-10-10 17:42:46.3 EDT" Interest="11.948" Kind="manipulation" Navigation="null" OriginId="org.eclipse.mylyn.core.model.interest.decay.correction" StartDate="2015-10-10 17:42:46.3 EDT" StructureHandle="=Calculator/src&amp;lt;model{View.java[View~View[!9~actionPerformed~QActionEvent;" StructureKind="java"/><InteractionEvent Delta="null" EndDate="2015-10-17 15:23:28.63 EDT" Interest="13.0" Kind="propagation" Navigation="null" OriginId="org.eclipse.jdt.ui.CompilationUnitEditor" StartDate="2015-10-17 15:16:17.768 EDT" StructureHandle="/Battleship/src/InternetListener.java" StructureKind="resource" NumEvents="13" CreationCount="2012"/><InteractionEvent Delta="null" EndDate="2015-10-24 09:22:09.722 EDT" Interest="203.0" Kind="propagation" Navigation="null" OriginId="org.eclipse.ui.navigator.ProjectExplorer" StartDate="2015-10-09 21:52:50.508 EDT" StructureHandle="/Calculator/src/model/Input.java" StructureKind="resource" NumEvents="203" CreationCount="1"/><InteractionEvent Delta="null" EndDate="2015-10-10 18:46:04.715 EDT" Interest="3.0" Kind="selection" Navigation="null" OriginId="org.eclipse.jdt.ui.CompilationUnitEditor" StartDate="2015-10-10 15:56:17.8 EDT" StructureHandle="=Calculator/src&amp;lt;model{View.java[View~View[!6~actionPerformed~QActionEvent;" StructureKind="java" NumEvents="3" CreationCount="689"/><InteractionEvent Delta="null" EndDate="2015-10-10 17:42:32.904 EDT" Interest="2.0" Kind="edit" Navigation="null" OriginId="org.eclipse.jdt.ui.CompilationUnitEditor" StartDate="2015-10-10 17:42:31.834 EDT" StructureHandle="=Calculator/src&amp;lt;model{View.java[View~View[!6~actionPerformed~QActionEvent;" StructureKind="java" NumEvents="2" CreationCount="689"/><InteractionEvent Delta="null" EndDate="2015-10-10 18:46:04.715 EDT" Interest="19.771" Kind="manipulation" Navigation="null" OriginId="org.eclipse.mylyn.core.model.interest.decay.correction" StartDate="2015-10-10 17:42:30.781 EDT" StructureHandle="=Calculator/src&amp;lt;model{View.java[View~View[!6~actionPerformed~QActionEvent;" StructureKind="java" NumEvents="2" CreationCount="689"/><InteractionEvent Delta="null" EndDate="2015-10-10 17:04:33.374 EDT" Interest="17.249" Kind="propagation" Navigation="org.eclipse.mylyn.core.model.edges.containment" OriginId="org.eclipse.mylyn.core.model.interest.propagation" StartDate="2015-10-10 15:17:47.752 EDT" StructureHandle="=Calculator/src&amp;lt;model{View.java#" StructureKind="java" NumEvents="5" CreationCount="275"/><InteractionEvent Delta="null" EndDate="2015-10-09 21:55:35.216 EDT" Interest="1.0" Kind="selection" Navigation="null" OriginId="org.eclipse.jdt.ui.CompilationUnitEditor" StartDate="2015-10-09 21:55:35.216 EDT" StructureHandle="=Calculator/src&amp;lt;model{Input.java[Input^input" StructureKind="java"/><InteractionEvent Delta="null" EndDate="2015-10-10 16:25:58.775 EDT" Interest="68.07201" Kind="propagation" Navigation="org.eclipse.mylyn.core.model.edges.containment" OriginId="org.eclipse.mylyn.core.model.interest.propagation" StartDate="2015-10-09 22:25:21.792 EDT" StructureHandle="=Calculator/src&amp;lt;model{BasicAlgebra.java" StructureKind="java" NumEvents="96" CreationCount="5"/><InteractionEvent Delta="null" EndDate="2015-10-10 17:06:16.694 EDT" Interest="9.0" Kind="selection" Navigation="null" OriginId="org.eclipse.jdt.ui.CompilationUnitEditor" StartDate="2015-10-09 22:25:21.763 EDT" StructureHandle="=Calculator/src&amp;lt;model{BasicAlgebra.java" StructureKind="java" NumEvents="9" CreationCount="5"/><InteractionEvent Delta="null" EndDate="2015-10-24 09:22:07.838 EDT" Interest="56.823006" Kind="propagation" Navigation="org.eclipse.mylyn.core.model.edges.containment" OriginId="org.eclipse.mylyn.core.model.interest.propagation" StartDate="2015-10-09 21:52:50.508 EDT" StructureHandle="=Calculator/src&amp;lt;model{Input.java[Input" StructureKind="java" NumEvents="77" CreationCount="1"/><InteractionEvent Delta="null" EndDate="2015-10-24 08:21:48.857 EDT" Interest="16.0" Kind="selection" Navigation="null" OriginId="org.eclipse.jdt.ui.CompilationUnitEditor" StartDate="2015-10-09 21:55:36.808 EDT" StructureHandle="=Calculator/src&amp;lt;model{Input.java[Input" StructureKind="java" NumEvents="16" CreationCount="1"/><InteractionEvent Delta="null" EndDate="2015-10-24 08:21:49.255 EDT" Interest="11.0" Kind="edit" Navigation="null" OriginId="org.eclipse.jdt.ui.CompilationUnitEditor" StartDate="2015-10-09 21:55:38.373 EDT" StructureHandle="=Calculator/src&amp;lt;model{Input.java[Input" StructureKind="java" NumEvents="11" CreationCount="1"/><InteractionEvent Delta="null" EndDate="2015-10-10 18:34:16.785 EDT" Interest="8.0" Kind="selection" Navigation="null" OriginId="org.eclipse.jdt.ui.CompilationUnitEditor" StartDate="2015-10-10 18:31:02.161 EDT" StructureHandle="=Calculator/src&amp;lt;model{View.java[View~addKeyListener~QKeyListener;" StructureKind="java" NumEvents="8" CreationCount="1887"/><InteractionEvent Delta="null" EndDate="2015-10-10 18:34:00.216 EDT" Interest="10.0" Kind="edit" Navigation="null" OriginId="org.eclipse.jdt.ui.CompilationUnitEditor" StartDate="2015-10-10 18:31:03.461 EDT" StructureHandle="=Calculator/src&amp;lt;model{View.java[View~addKeyListener~QKeyListener;" StructureKind="java" NumEvents="10" CreationCount="1887"/><InteractionEvent Delta="null" EndDate="2015-10-24 09:00:37.94 EDT" Interest="349.0" Kind="propagation" Navigation="null" OriginId="org.eclipse.ui.views.ResourceNavigator" StartDate="2015-10-17 15:11:45.90 EDT" StructureHandle="/Battleship/src" StructureKind="resource" NumEvents="349" CreationCount="1982"/><InteractionEvent Delta="null" EndDate="2015-10-09 22:31:27.181 EDT" Interest="18.0" Kind="edit" Navigation="null" OriginId="org.eclipse.jdt.ui.CompilationUnitEditor" StartDate="2015-10-09 22:25:22.869 EDT" StructureHandle="=Calculator/src&amp;lt;model{BasicAlgebra.java[BasicAlgebra~addAll~\[D" StructureKind="java" NumEvents="18" CreationCount="134"/><InteractionEvent Delta="null" EndDate="2015-10-17 15:55:40.173 EDT" Interest="8.209001" Kind="propagation" Navigation="org.eclipse.mylyn.core.model.edges.containment" OriginId="org.eclipse.mylyn.core.model.interest.propagation" StartDate="2015-10-17 15:17:07.565 EDT" StructureHandle="=Battleship/src&amp;lt;{Player.java" StructureKind="java" NumEvents="11" CreationCount="2022"/><InteractionEvent Delta="null" EndDate="2015-10-24 09:00:37.94 EDT" Interest="12.0" Kind="selection" Navigation="null" OriginId="org.eclipse.ui.views.ResourceNavigator" StartDate="2015-10-17 15:17:07.709 EDT" StructureHandle="=Battleship/src&amp;lt;{Player.java" StructureKind="java" NumEvents="12" CreationCount="2022"/><InteractionEvent Delta="null" EndDate="2015-10-17 15:17:17.324 EDT" Interest="5.0" Kind="edit" Navigation="null" OriginId="org.eclipse.jdt.ui.CompilationUnitEditor" StartDate="2015-10-17 15:17:07.876 EDT" StructureHandle="=Battleship/src&amp;lt;{Player.java" StructureKind="java" NumEvents="5" CreationCount="2022"/><InteractionEvent Delta="null" EndDate="2015-10-10 14:59:53.868 EDT" Interest="62.642002" Kind="propagation" Navigation="org.eclipse.mylyn.core.model.edges.containment" OriginId="org.eclipse.mylyn.core.model.interest.propagation" StartDate="2015-10-09 22:25:21.792 EDT" StructureHandle="=Calculator/src&amp;lt;model{BasicAlgebra.java[BasicAlgebra" StructureKind="java" NumEvents="88" CreationCount="134"/><InteractionEvent Delta="null" EndDate="2015-10-10 16:25:58.47 EDT" Interest="6.0" Kind="selection" Navigation="null" OriginId="org.eclipse.jdt.ui.PackageExplorer" StartDate="2015-10-09 22:34:20.163 EDT" StructureHandle="=Calculator/src&amp;lt;model{BasicAlgebra.java[BasicAlgebra" StructureKind="java" NumEvents="6" CreationCount="95"/><InteractionEvent Delta="null" EndDate="2015-10-10 16:25:58.775 EDT" Interest="7.0" Kind="edit" Navigation="null" OriginId="org.eclipse.jdt.ui.CompilationUnitEditor" StartDate="2015-10-10 15:45:14.856 EDT" StructureHandle="=Calculator/src&amp;lt;model{BasicAlgebra.java[BasicAlgebra" StructureKind="java" NumEvents="7" CreationCount="95"/><InteractionEvent Delta="null" EndDate="2015-10-17 15:36:19.388 EDT" Interest="23.0" Kind="propagation" Navigation="null" OriginId="org.eclipse.jdt.ui.CompilationUnitEditor" StartDate="2015-10-17 15:18:59.790 EDT" StructureHandle="/Battleship/src/AttackListener.java" StructureKind="resource" NumEvents="23" CreationCount="2049"/><InteractionEvent Delta="null" EndDate="2015-10-10 18:45:15.406 EDT" Interest="4.0" Kind="selection" Navigation="null" OriginId="org.eclipse.jdt.ui.CompilationUnitEditor" StartDate="2015-10-10 15:55:31.962 EDT" StructureHandle="=Calculator/src&amp;lt;model{View.java[View~View[!3~actionPerformed~QActionEvent;" StructureKind="java" NumEvents="4" CreationCount="661"/><InteractionEvent Delta="null" EndDate="2015-10-10 17:42:17.713 EDT" Interest="3.0" Kind="edit" Navigation="null" OriginId="org.eclipse.jdt.ui.CompilationUnitEditor" StartDate="2015-10-10 17:42:15.97 EDT" StructureHandle="=Calculator/src&amp;lt;model{View.java[View~View[!3~actionPerformed~QActionEvent;" StructureKind="java" NumEvents="3" CreationCount="661"/><InteractionEvent Delta="null" EndDate="2015-10-10 18:45:15.406 EDT" Interest="17.867" Kind="manipulation" Navigation="null" OriginId="org.eclipse.mylyn.core.model.interest.decay.correction" StartDate="2015-10-10 17:42:13.293 EDT" StructureHandle="=Calculator/src&amp;lt;model{View.java[View~View[!3~actionPerformed~QActionEvent;" StructureKind="java" NumEvents="2" CreationCount="661"/><InteractionEvent Delta="null" EndDate="2015-10-17 15:12:36.211 EDT" Interest="1.0" Kind="propagation" Navigation="null" OriginId="org.eclipse.mylyn.resources.ui.interest.updater" StartDate="2015-10-17 15:12:36.211 EDT" StructureHandle="=Battleship/src&amp;lt;{Bship.java" StructureKind="java"/><InteractionEvent Delta="null" EndDate="2015-10-17 16:04:12.41 EDT" Interest="22.0" Kind="selection" Navigation="null" OriginId="org.eclipse.ui.navigator.ProjectExplorer" StartDate="2015-10-17 15:12:36.367 EDT" StructureHandle="=Battleship/src&amp;lt;{Bship.java" StructureKind="java" NumEvents="22" CreationCount="1982"/><InteractionEvent Delta="null" EndDate="2015-10-17 15:18:36.414 EDT" Interest="9.0" Kind="edit" Navigation="null" OriginId="org.eclipse.jdt.ui.CompilationUnitEditor" StartDate="2015-10-17 15:12:36.586 EDT" StructureHandle="=Battleship/src&amp;lt;{Bship.java" StructureKind="java" NumEvents="9" CreationCount="1982"/><InteractionEvent Delta="null" EndDate="2015-10-17 16:04:14.639 EDT" Interest="5.0" Kind="selection" Navigation="null" OriginId="org.eclipse.jdt.ui.CompilationUnitEditor" StartDate="2015-10-17 15:18:15.851 EDT" StructureHandle="=Battleship/src&amp;lt;{Ship.java[Ship~compinput~I~I" StructureKind="java" NumEvents="5" CreationCount="2043"/><InteractionEvent Delta="null" EndDate="2015-10-17 15:23:09.886 EDT" Interest="3.0" Kind="edit" Navigation="null" OriginId="org.eclipse.jdt.ui.CompilationUnitEditor" StartDate="2015-10-17 15:18:18.680 EDT" StructureHandle="=Battleship/src&amp;lt;{Ship.java[Ship~compinput~I~I" StructureKind="java" NumEvents="3" CreationCount="2043"/><InteractionEvent Delta="null" EndDate="2015-10-17 16:08:58.15 EDT" Interest="1.0" Kind="selection" Navigation="null" OriginId="org.eclipse.jdt.ui.CompilationUnitEditor" StartDate="2015-10-17 16:08:58.15 EDT" StructureHandle="=Battleship/src&amp;lt;{Player.java[Player~isSunk~I~I~QString;" StructureKind="java"/><InteractionEvent Delta="null" EndDate="2015-10-17 15:20:10.237 EDT" Interest="1.0" Kind="propagation" Navigation="org.eclipse.mylyn.core.model.edges.containment" OriginId="org.eclipse.mylyn.core.model.interest.propagation" StartDate="2015-10-17 15:20:10.237 EDT" StructureHandle="=Battleship/src&amp;lt;{BshipServer.java[BshipServer" StructureKind="java"/><InteractionEvent Delta="null" EndDate="2015-10-17 16:22:31.426 EDT" Interest="3.0" Kind="selection" Navigation="null" OriginId="org.eclipse.jdt.ui.CompilationUnitEditor" StartDate="2015-10-17 15:20:17.143 EDT" StructureHandle="=Battleship/src&amp;lt;{BshipServer.java[BshipServer" StructureKind="java" NumEvents="3" CreationCount="2069"/><InteractionEvent Delta="null" EndDate="2015-10-17 16:22:31.426 EDT" Interest="1.1820002" Kind="manipulation" Navigation="null" OriginId="org.eclipse.mylyn.core.model.interest.decay.correction" StartDate="2015-10-17 16:22:31.426 EDT" StructureHandle="=Battleship/src&amp;lt;{BshipServer.java[BshipServer" StructureKind="java"/><InteractionEvent Delta="null" EndDate="2015-10-17 15:26:49.789 EDT" Interest="8.9" Kind="propagation" Navigation="org.eclipse.mylyn.core.model.edges.containment" OriginId="org.eclipse.mylyn.core.model.interest.propagation" StartDate="2015-10-17 15:22:03.537 EDT" StructureHandle="=Battleship/src&amp;lt;{BshipProtocol.java[BshipProtocol[Game" StructureKind="java" NumEvents="11" CreationCount="2090"/><InteractionEvent Delta="null" EndDate="2015-10-10 16:32:13.145 EDT" Interest="3.0" Kind="selection" Navigation="null" OriginId="org.eclipse.jdt.ui.CompilationUnitEditor" StartDate="2015-10-10 15:18:37.857 EDT" StructureHandle="=Calculator/src&amp;lt;model{View.java[View^enter" StructureKind="java" NumEvents="3" CreationCount="289"/><InteractionEvent Delta="null" EndDate="2015-10-10 16:32:13.885 EDT" Interest="2.0" Kind="edit" Navigation="null" OriginId="org.eclipse.jdt.ui.CompilationUnitEditor" StartDate="2015-10-10 15:18:38.962 EDT" StructureHandle="=Calculator/src&amp;lt;model{View.java[View^enter" StructureKind="java" NumEvents="2" CreationCount="289"/><InteractionEvent Delta="null" EndDate="2015-10-10 16:32:13.145 EDT" Interest="9.710001" Kind="manipulation" Navigation="null" OriginId="org.eclipse.mylyn.core.model.interest.decay.correction" StartDate="2015-10-10 15:50:02.568 EDT" StructureHandle="=Calculator/src&amp;lt;model{View.java[View^enter" StructureKind="java" NumEvents="2" CreationCount="289"/><InteractionEvent Delta="null" EndDate="2015-10-17 15:36:00.289 EDT" Interest="4.0" Kind="selection" Navigation="null" OriginId="org.eclipse.jdt.ui.CompilationUnitEditor" StartDate="2015-10-17 15:26:31.522 EDT" StructureHandle="=Battleship/src&amp;lt;{Bship.java[Bship~getShips~I" StructureKind="java" NumEvents="4" CreationCount="2149"/><InteractionEvent Delta="null" EndDate="2015-10-17 14:50:52.175 EDT" Interest="1.0" Kind="selection" Navigation="null" OriginId="org.eclipse.jdt.ui.PackageExplorer" StartDate="2015-10-17 14:50:52.175 EDT" StructureHandle="=Calculator/src&amp;lt;" StructureKind="java"/><InteractionEvent Delta="null" EndDate="2015-10-17 16:04:14.639 EDT" Interest="22.0" Kind="propagation" Navigation="null" OriginId="org.eclipse.jdt.ui.CompilationUnitEditor" StartDate="2015-10-17 15:18:00.726 EDT" StructureHandle="/Battleship/src/Ship.java" StructureKind="resource" NumEvents="22" CreationCount="2035"/><InteractionEvent Delta="null" EndDate="2015-10-17 15:26:38.11 EDT" Interest="4.0" Kind="selection" Navigation="null" OriginId="org.eclipse.jdt.ui.CompilationUnitEditor" StartDate="2015-10-17 15:22:03.537 EDT" StructureHandle="=Battleship/src&amp;lt;{BshipProtocol.java[BshipProtocol[Game~mapShips~\[\[QString;" StructureKind="java" NumEvents="4" CreationCount="2090"/><InteractionEvent Delta="null" EndDate="2015-10-17 15:26:49.789 EDT" Interest="7.0" Kind="edit" Navigation="null" OriginId="org.eclipse.jdt.ui.CompilationUnitEditor" StartDate="2015-10-17 15:22:04.41 EDT" StructureHandle="=Battleship/src&amp;lt;{BshipProtocol.java[BshipProtocol[Game~mapShips~\[\[QString;" StructureKind="java" NumEvents="7" CreationCount="2090"/><InteractionEvent Delta="null" EndDate="2015-10-10 17:06:16.768 EDT" Interest="4.0" Kind="selection" Navigation="null" OriginId="org.eclipse.jdt.ui.CompilationUnitEditor" StartDate="2015-10-10 16:26:00.442 EDT" StructureHandle="=Calculator/src&amp;lt;model{BasicAlgebra.java[BasicAlgebra~add~D~D" StructureKind="java" NumEvents="4" CreationCount="965"/><InteractionEvent Delta="null" EndDate="2015-10-10 17:06:16.768 EDT" Interest="0.7910001" Kind="manipulation" Navigation="null" OriginId="org.eclipse.mylyn.core.model.interest.decay.correction" StartDate="2015-10-10 16:40:38.592 EDT" StructureHandle="=Calculator/src&amp;lt;model{BasicAlgebra.java[BasicAlgebra~add~D~D" StructureKind="java" NumEvents="2" CreationCount="965"/><InteractionEvent Delta="null" EndDate="2015-10-10 16:30:03.926 EDT" Interest="10.0" Kind="selection" Navigation="null" OriginId="org.eclipse.jdt.ui.CompilationUnitEditor" StartDate="2015-10-10 16:19:08.29 EDT" StructureHandle="=Calculator/src&amp;lt;model{View.java[View~View[!13~actionPerformed~QActionEvent;" StructureKind="java" NumEvents="10" CreationCount="921"/><InteractionEvent Delta="null" EndDate="2015-10-10 16:30:34.353 EDT" Interest="24.0" Kind="edit" Navigation="null" OriginId="org.eclipse.jdt.ui.CompilationUnitEditor" StartDate="2015-10-10 16:20:44.776 EDT" StructureHandle="=Calculator/src&amp;lt;model{View.java[View~View[!13~actionPerformed~QActionEvent;" StructureKind="java" NumEvents="24" CreationCount="921"/><InteractionEvent Delta="null" EndDate="2015-10-10 17:40:21.852 EDT" Interest="1.0" Kind="selection" Navigation="null" OriginId="org.eclipse.jdt.ui.CompilationUnitEditor" StartDate="2015-10-10 17:40:21.852 EDT" StructureHandle="=Calculator/src&amp;lt;model{View.java[View~View[!16~actionPerformed~QActionEvent;" StructureKind="java"/><InteractionEvent Delta="null" EndDate="2015-10-24 08:19:02.795 EDT" Interest="8.0" Kind="selection" Navigation="null" OriginId="org.eclipse.jdt.ui.CompilationUnitEditor" StartDate="2015-10-17 15:46:49.893 EDT" StructureHandle="=Battleship/src&amp;lt;{Player.java[Player~scanArea~I~I" StructureKind="java" NumEvents="8" CreationCount="2198"/><InteractionEvent Delta="null" EndDate="2015-10-17 16:24:52.917 EDT" Interest="15.0" Kind="edit" Navigation="null" OriginId="org.eclipse.jdt.ui.CompilationUnitEditor" StartDate="2015-10-17 15:56:46.642 EDT" StructureHandle="=Battleship/src&amp;lt;{Player.java[Player~scanArea~I~I" StructureKind="java" NumEvents="15" CreationCount="2198"/><InteractionEvent Delta="null" EndDate="2015-10-17 16:20:17.463 EDT" Interest="3.0" Kind="selection" Navigation="null" OriginId="org.eclipse.jdt.ui.CompilationUnitEditor" StartDate="2015-10-17 16:20:08.760 EDT" StructureHandle="=Battleship/src&amp;lt;{Player.java[Player~getFR" StructureKind="java" NumEvents="3" CreationCount="2303"/><InteractionEvent Delta="null" EndDate="2015-10-17 16:20:10.370 EDT" Interest="1.0" Kind="edit" Navigation="null" OriginId="org.eclipse.jdt.ui.CompilationUnitEditor" StartDate="2015-10-17 16:20:10.370 EDT" StructureHandle="=Battleship/src&amp;lt;{Player.java[Player~getFR" StructureKind="java"/><InteractionEvent Delta="null" EndDate="2015-10-11 20:19:17.662 EDT" Interest="107.0" Kind="selection" Navigation="null" OriginId="org.eclipse.jdt.ui.CompilationUnitEditor" StartDate="2015-10-10 15:20:27.747 EDT" StructureHandle="=Calculator/src&amp;lt;model{View.java[View~View" StructureKind="java" NumEvents="107" CreationCount="315"/><InteractionEvent Delta="null" EndDate="2015-10-11 20:19:19.356 EDT" Interest="1152.0" Kind="edit" Navigation="null" OriginId="org.eclipse.jdt.ui.CompilationUnitEditor" StartDate="2015-10-10 15:20:29.277 EDT" StructureHandle="=Calculator/src&amp;lt;model{View.java[View~View" StructureKind="java" NumEvents="1152" CreationCount="315"/><InteractionEvent Delta="null" EndDate="2015-10-17 16:14:55.478 EDT" Interest="4.0" Kind="selection" Navigation="null" OriginId="org.eclipse.jdt.ui.CompilationUnitEditor" StartDate="2015-10-17 15:17:19.434 EDT" StructureHandle="=Battleship/src&amp;lt;{Player.java[Player~compattack" StructureKind="java" NumEvents="4" CreationCount="2030"/><InteractionEvent Delta="null" EndDate="2015-10-17 16:15:34.736 EDT" Interest="5.0" Kind="edit" Navigation="null" OriginId="org.eclipse.jdt.ui.CompilationUnitEditor" StartDate="2015-10-17 15:17:29.298 EDT" StructureHandle="=Battleship/src&amp;lt;{Player.java[Player~compattack" StructureKind="java" NumEvents="5" CreationCount="2030"/><InteractionEvent Delta="null" EndDate="2015-10-09 21:55:48.368 EDT" Interest="1.0" Kind="edit" Navigation="null" OriginId="org.eclipse.jdt.ui.CompilationUnitEditor" StartDate="2015-10-09 21:55:48.368 EDT" StructureHandle="=Calculator/src&amp;lt;model{Input.java[Input^indexoflastelement" StructureKind="java"/><InteractionEvent Delta="null" EndDate="2015-10-10 15:33:24.651 EDT" Interest="1.0" Kind="selection" Navigation="null" OriginId="org.eclipse.jdt.ui.CompilationUnitEditor" StartDate="2015-10-10 15:33:24.651 EDT" StructureHandle="=Calculator/src&amp;lt;model{View.java[View^three" StructureKind="java"/><InteractionEvent Delta="null" EndDate="2015-10-17 15:23:28.63 EDT" Interest="3.4" Kind="propagation" Navigation="org.eclipse.mylyn.core.model.edges.containment" OriginId="org.eclipse.mylyn.core.model.interest.propagation" StartDate="2015-10-17 15:16:31.874 EDT" StructureHandle="=Battleship/src&amp;lt;{InternetListener.java[InternetListener" StructureKind="java" NumEvents="4" CreationCount="2019"/><InteractionEvent Delta="null" EndDate="2015-10-17 15:55:40.173 EDT" Interest="2.0" Kind="selection" Navigation="null" OriginId="org.eclipse.jdt.ui.CompilationUnitEditor" StartDate="2015-10-17 15:55:40.158 EDT" StructureHandle="=Battleship/src&amp;lt;{Player.java[Player~setShots" StructureKind="java" NumEvents="2" CreationCount="2221"/><InteractionEvent Delta="null" EndDate="2015-10-17 15:55:42.310 EDT" Interest="2.0" Kind="edit" Navigation="null" OriginId="org.eclipse.jdt.ui.CompilationUnitEditor" StartDate="2015-10-17 15:55:41.720 EDT" StructureHandle="=Battleship/src&amp;lt;{Player.java[Player~setShots" StructureKind="java" NumEvents="2" CreationCount="2221"/><InteractionEvent Delta="null" EndDate="2015-10-17 16:24:52.917 EDT" Interest="2793.294" Kind="propagation" Navigation="null" OriginId="org.eclipse.jdt.ui.CompilationUnitEditor" StartDate="2015-10-09 21:52:50.508 EDT" StructureHandle="/" StructureKind="resource" NumEvents="2749" CreationCount="1"/><InteractionEvent Delta="null" EndDate="2015-10-10 18:47:11.412 EDT" Interest="2.0" Kind="selection" Navigation="null" OriginId="org.eclipse.jdt.ui.CompilationUnitEditor" StartDate="2015-10-10 17:42:52.855 EDT" StructureHandle="=Calculator/src&amp;lt;model{View.java[View~View[!10~actionPerformed~QActionEvent;" StructureKind="java" NumEvents="2" CreationCount="1562"/><InteractionEvent Delta="null" EndDate="2015-10-10 17:42:55.463 EDT" Interest="2.0" Kind="edit" Navigation="null" OriginId="org.eclipse.jdt.ui.CompilationUnitEditor" StartDate="2015-10-10 17:42:54.343 EDT" StructureHandle="=Calculator/src&amp;lt;model{View.java[View~View[!10~actionPerformed~QActionEvent;" StructureKind="java" NumEvents="2" CreationCount="1562"/><InteractionEvent Delta="null" EndDate="2015-10-10 18:47:11.412 EDT" Interest="6.746001" Kind="manipulation" Navigation="null" OriginId="org.eclipse.mylyn.core.model.interest.decay.correction" StartDate="2015-10-10 18:47:11.412 EDT" StructureHandle="=Calculator/src&amp;lt;model{View.java[View~View[!10~actionPerformed~QActionEvent;" StructureKind="java"/><InteractionEvent Delta="null" EndDate="2015-10-17 16:20:41.346 EDT" Interest="15.0" Kind="selection" Navigation="null" OriginId="org.eclipse.jdt.ui.CompilationUnitEditor" StartDate="2015-10-17 15:54:57.108 EDT" StructureHandle="=Battleship/src&amp;lt;{Player.java#java.awt.*" StructureKind="java" NumEvents="15" CreationCount="2208"/><InteractionEvent Delta="null" EndDate="2015-10-10 17:06:17.353 EDT" Interest="1.0" Kind="propagation" Navigation="org.eclipse.mylyn.core.model.edges.containment" OriginId="org.eclipse.mylyn.core.model.interest.propagation" StartDate="2015-10-10 17:06:17.353 EDT" StructureHandle="=Calculator/src&amp;lt;model{BasicAlgebra.java#" StructureKind="java"/><InteractionEvent Delta="null" EndDate="2015-10-17 15:19:22.810 EDT" Interest="1.0" Kind="propagation" Navigation="org.eclipse.mylyn.core.model.edges.containment" OriginId="org.eclipse.mylyn.core.model.interest.propagation" StartDate="2015-10-17 15:19:22.810 EDT" StructureHandle="=Battleship/src&amp;lt;{AttackListener.java[AttackListener" StructureKind="java"/><InteractionEvent Delta="null" EndDate="2015-10-10 17:09:06.845 EDT" Interest="6.9040003" Kind="propagation" Navigation="org.eclipse.mylyn.core.model.edges.containment" OriginId="org.eclipse.mylyn.core.model.interest.propagation" StartDate="2015-10-10 16:40:17.58 EDT" StructureHandle="=Calculator/src&amp;lt;model{InputTest.java" StructureKind="java" NumEvents="10" CreationCount="1094"/><InteractionEvent Delta="null" EndDate="2015-10-10 17:06:52.220 EDT" Interest="4.0" Kind="selection" Navigation="null" OriginId="org.eclipse.jdt.ui.CompilationUnitEditor" StartDate="2015-10-10 17:01:49.627 EDT" StructureHandle="=Calculator/src&amp;lt;model{InputTest.java" StructureKind="java" NumEvents="4" CreationCount="1094"/><InteractionEvent Delta="null" EndDate="2015-10-10 17:01:49.627 EDT" Interest="0.05400002" Kind="manipulation" Navigation="null" OriginId="org.eclipse.mylyn.core.model.interest.decay.correction" StartDate="2015-10-10 17:01:49.627 EDT" StructureHandle="=Calculator/src&amp;lt;model{InputTest.java" StructureKind="java"/><InteractionEvent Delta="null" EndDate="2015-10-24 09:00:37.94 EDT" Interest="125.0" Kind="propagation" Navigation="null" OriginId="org.eclipse.ui.views.ResourceNavigator" StartDate="2015-10-17 15:17:07.565 EDT" StructureHandle="/Battleship/src/Player.java" StructureKind="resource" NumEvents="125" CreationCount="2022"/><InteractionEvent Delta="null" EndDate="2015-10-17 16:01:50.442 EDT" Interest="2.0" Kind="selection" Navigation="null" OriginId="org.eclipse.jdt.ui.CompilationUnitEditor" StartDate="2015-10-17 16:01:50.442 EDT" StructureHandle="=Battleship/src&amp;lt;{Bship.java[Bship[BoardListener~actionPerformed~QActionEvent;" StructureKind="java" NumEvents="2" CreationCount="2236"/><InteractionEvent Delta="null" EndDate="2015-10-17 16:01:51.677 EDT" Interest="1.0" Kind="edit" Navigation="null" OriginId="org.eclipse.jdt.ui.CompilationUnitEditor" StartDate="2015-10-17 16:01:51.677 EDT" StructureHandle="=Battleship/src&amp;lt;{Bship.java[Bship[BoardListener~actionPerformed~QActionEvent;" StructureKind="java"/><InteractionEvent Delta="null" EndDate="2015-10-17 15:21:58.7 EDT" Interest="1.0" Kind="selection" Navigation="null" OriginId="org.eclipse.jdt.ui.CompilationUnitEditor" StartDate="2015-10-17 15:21:58.7 EDT" StructureHandle="=Battleship/src&amp;lt;{BshipProtocol.java[BattleshipProtocol[Game~mapShips~\[\[QString;" StructureKind="java"/><InteractionEvent Delta="null" EndDate="2015-10-09 22:25:53.37 EDT" Interest="3.0" Kind="selection" Navigation="null" OriginId="org.eclipse.jdt.ui.CompilationUnitEditor" StartDate="2015-10-09 22:25:21.792 EDT" StructureHandle="=Calculator/src&amp;lt;model{BasicAlgebra.java[BasicAlgebra~addAll~QList\&amp;lt;QDouble;&amp;gt;;" StructureKind="java" NumEvents="3" CreationCount="134"/><InteractionEvent Delta="null" EndDate="2015-10-10 15:33:46.165 EDT" Interest="2.0" Kind="selection" Navigation="null" OriginId="org.eclipse.jdt.ui.CompilationUnitEditor" StartDate="2015-10-10 15:33:20.727 EDT" StructureHandle="=Calculator/src&amp;lt;model{View.java[View^one" StructureKind="java" NumEvents="2" CreationCount="412"/><InteractionEvent Delta="null" EndDate="2015-10-10 15:33:50.847 EDT" Interest="2.0" Kind="edit" Navigation="null" OriginId="org.eclipse.jdt.ui.CompilationUnitEditor" StartDate="2015-10-10 15:33:49.512 EDT" StructureHandle="=Calculator/src&amp;lt;model{View.java[View^one" StructureKind="java" NumEvents="2" CreationCount="412"/><InteractionEvent Delta="null" EndDate="2015-10-17 15:59:34.443 EDT" Interest="2.0" Kind="selection" Navigation="null" OriginId="org.eclipse.jdt.ui.CompilationUnitEditor" StartDate="2015-10-17 15:59:34.443 EDT" StructureHandle="=Battleship/src&amp;lt;{Bship.java[Bship~getEnemy" StructureKind="java" NumEvents="2" CreationCount="2233"/><InteractionEvent Delta="null" EndDate="2015-10-17 16:00:37.680 EDT" Interest="1.0" Kind="edit" Navigation="null" OriginId="org.eclipse.jdt.ui.CompilationUnitEditor" StartDate="2015-10-17 16:00:37.680 EDT" StructureHandle="=Battleship/src&amp;lt;{Bship.java[Bship~getEnemy" StructureKind="java"/><InteractionEvent Delta="null" EndDate="2015-10-10 15:19:31.178 EDT" Interest="1.0" Kind="selection" Navigation="null" OriginId="org.eclipse.jdt.ui.CompilationUnitEditor" StartDate="2015-10-10 15:19:31.178 EDT" StructureHandle="=Calculator/src&amp;lt;model{View.java#javax.swing.JEditorPane" StructureKind="java"/><InteractionEvent Delta="null" EndDate="2015-10-09 22:16:06.423 EDT" Interest="1.0" Kind="edit" Navigation="null" OriginId="org.eclipse.jdt.ui.CompilationUnitEditor" StartDate="2015-10-09 22:16:06.423 EDT" StructureHandle="=Calculator/src&amp;lt;model{Input.java[Input~setInput~\[D" StructureKind="java"/><InteractionEvent Delta="null" EndDate="2015-10-10 17:42:35.940 EDT" Interest="2.0" Kind="selection" Navigation="null" OriginId="org.eclipse.jdt.ui.CompilationUnitEditor" StartDate="2015-10-10 15:56:27.347 EDT" StructureHandle="=Calculator/src&amp;lt;model{View.java[View~View[!7~actionPerformed~QActionEvent;" StructureKind="java" NumEvents="2" CreationCount="696"/><InteractionEvent Delta="null" EndDate="2015-10-10 17:42:38.88 EDT" Interest="2.0" Kind="edit" Navigation="null" OriginId="org.eclipse.jdt.ui.CompilationUnitEditor" StartDate="2015-10-10 17:42:36.998 EDT" StructureHandle="=Calculator/src&amp;lt;model{View.java[View~View[!7~actionPerformed~QActionEvent;" StructureKind="java" NumEvents="2" CreationCount="696"/><InteractionEvent Delta="null" EndDate="2015-10-10 17:42:35.940 EDT" Interest="13.467001" Kind="manipulation" Navigation="null" OriginId="org.eclipse.mylyn.core.model.interest.decay.correction" StartDate="2015-10-10 17:42:35.940 EDT" StructureHandle="=Calculator/src&amp;lt;model{View.java[View~View[!7~actionPerformed~QActionEvent;" StructureKind="java"/><InteractionEvent Delta="null" EndDate="2015-10-10 18:04:14.758 EDT" Interest="11.0" Kind="selection" Navigation="null" OriginId="org.eclipse.jdt.ui.CompilationUnitEditor" StartDate="2015-10-10 16:37:24.243 EDT" StructureHandle="=Calculator/src&amp;lt;model{View.java[View~View[!15~actionPerformed~QActionEvent;" StructureKind="java" NumEvents="11" CreationCount="1062"/><InteractionEvent Delta="null" EndDate="2015-10-10 18:04:15.307 EDT" Interest="7.0" Kind="edit" Navigation="null" OriginId="org.eclipse.jdt.ui.CompilationUnitEditor" StartDate="2015-10-10 16:37:26.357 EDT" StructureHandle="=Calculator/src&amp;lt;model{View.java[View~View[!15~actionPerformed~QActionEvent;" StructureKind="java" NumEvents="7" CreationCount="1062"/><InteractionEvent Delta="null" EndDate="2015-10-10 18:21:08.145 EDT" Interest="2.0" Kind="selection" Navigation="null" OriginId="org.eclipse.jdt.ui.CompilationUnitEditor" StartDate="2015-10-10 18:20:52.613 EDT" StructureHandle="=Calculator/src&amp;lt;model{View.java[View^k" StructureKind="java" NumEvents="2" CreationCount="1774"/><InteractionEvent Delta="null" EndDate="2015-10-10 18:21:16.810 EDT" Interest="2.0" Kind="edit" Navigation="null" OriginId="org.eclipse.jdt.ui.CompilationUnitEditor" StartDate="2015-10-10 18:20:53.946 EDT" StructureHandle="=Calculator/src&amp;lt;model{View.java[View^k" StructureKind="java" NumEvents="2" CreationCount="1774"/><InteractionEvent Delta="null" EndDate="2015-10-17 16:04:12.41 EDT" Interest="20.3" Kind="propagation" Navigation="org.eclipse.mylyn.core.model.edges.containment" OriginId="org.eclipse.mylyn.core.model.interest.propagation" StartDate="2015-10-17 15:12:36.211 EDT" StructureHandle="=Battleship/src&amp;lt;" StructureKind="java" NumEvents="25" CreationCount="1982"/><InteractionEvent Delta="null" EndDate="2015-10-17 15:25:49.465 EDT" Interest="9.0" Kind="selection" Navigation="null" OriginId="org.eclipse.ui.navigator.ProjectExplorer" StartDate="2015-10-17 15:14:33.986 EDT" StructureHandle="=Battleship/src&amp;lt;" StructureKind="java" NumEvents="9" CreationCount="1982"/><InteractionEvent Delta="null" EndDate="2015-10-17 16:04:28.467 EDT" Interest="2.0" Kind="selection" Navigation="null" OriginId="org.eclipse.jdt.ui.CompilationUnitEditor" StartDate="2015-10-17 16:04:28.467 EDT" StructureHandle="=Battleship/src&amp;lt;{Player.java[Player~rshipsh~I~I" StructureKind="java" NumEvents="2" CreationCount="2251"/><InteractionEvent Delta="null" EndDate="2015-10-17 16:04:44.15 EDT" Interest="1.0" Kind="edit" Navigation="null" OriginId="org.eclipse.jdt.ui.CompilationUnitEditor" StartDate="2015-10-17 16:04:44.15 EDT" StructureHandle="=Battleship/src&amp;lt;{Player.java[Player~rshipsh~I~I" StructureKind="java"/><InteractionEvent Delta="null" EndDate="2015-10-17 15:10:44.960 EDT" Interest="923.34204" Kind="propagation" Navigation="org.eclipse.mylyn.core.model.edges.containment" OriginId="org.eclipse.mylyn.core.model.interest.propagation" StartDate="2015-10-09 21:52:50.508 EDT" StructureHandle="=Calculator/src&amp;lt;model" StructureKind="java" NumEvents="1326" CreationCount="1"/><InteractionEvent Delta="null" EndDate="2015-10-10 15:00:23.599 EDT" Interest="2.0" Kind="selection" Navigation="null" OriginId="org.eclipse.jdt.ui.PackageExplorer" StartDate="2015-10-09 22:25:37.189 EDT" StructureHandle="=Calculator/src&amp;lt;model" StructureKind="java" NumEvents="2" CreationCount="1"/><InteractionEvent Delta="null" EndDate="2015-10-24 09:22:09.722 EDT" Interest="2443.0" Kind="propagation" Navigation="null" OriginId="org.eclipse.ui.navigator.ProjectExplorer" StartDate="2015-10-09 21:52:50.508 EDT" StructureHandle="/Calculator/src" StructureKind="resource" NumEvents="2443" CreationCount="1"/><InteractionEvent Delta="null" EndDate="2015-10-10 15:33:33.499 EDT" Interest="1.0" Kind="selection" Navigation="null" OriginId="org.eclipse.jdt.ui.CompilationUnitEditor" StartDate="2015-10-10 15:33:33.499 EDT" StructureHandle="=Calculator/src&amp;lt;model{View.java[View^e" StructureKind="java"/><InteractionEvent Delta="null" EndDate="2015-10-17 16:15:39.322 EDT" Interest="2.0" Kind="selection" Navigation="null" OriginId="org.eclipse.jdt.ui.CompilationUnitEditor" StartDate="2015-10-17 16:15:39.322 EDT" StructureHandle="=Battleship/src&amp;lt;{Player.java[Player~getChit" StructureKind="java" NumEvents="2" CreationCount="2270"/><InteractionEvent Delta="null" EndDate="2015-10-17 16:15:42.536 EDT" Interest="2.0" Kind="edit" Navigation="null" OriginId="org.eclipse.jdt.ui.CompilationUnitEditor" StartDate="2015-10-17 16:15:41.676 EDT" StructureHandle="=Battleship/src&amp;lt;{Player.java[Player~getChit" StructureKind="java" NumEvents="2" CreationCount="2270"/><InteractionEvent Delta="null" EndDate="2015-10-11 14:25:37.617 EDT" Interest="852.201" Kind="propagation" Navigation="org.eclipse.mylyn.core.model.edges.containment" OriginId="org.eclipse.mylyn.core.model.interest.propagation" StartDate="2015-10-10 15:22:17.936 EDT" StructureHandle="=Calculator/src&amp;lt;model{View.java[View" StructureKind="java" NumEvents="1199" CreationCount="121"/><InteractionEvent Delta="null" EndDate="2015-10-10 18:36:43.645 EDT" Interest="32.0" Kind="selection" Navigation="null" OriginId="org.eclipse.jdt.ui.CompilationUnitEditor" StartDate="2015-10-10 15:01:05.849 EDT" StructureHandle="=Calculator/src&amp;lt;model{View.java[View" StructureKind="java" NumEvents="32" CreationCount="121"/><InteractionEvent Delta="null" EndDate="2015-10-10 16:49:39.739 EDT" Interest="42.0" Kind="edit" Navigation="null" OriginId="org.eclipse.jdt.ui.CompilationUnitEditor" StartDate="2015-10-10 15:17:08.58 EDT" StructureHandle="=Calculator/src&amp;lt;model{View.java[View" StructureKind="java" NumEvents="42" CreationCount="121"/><InteractionEvent Delta="null" EndDate="2015-10-10 15:15:38.837 EDT" Interest="1.3970001" Kind="manipulation" Navigation="null" OriginId="org.eclipse.mylyn.core.model.interest.decay.correction" StartDate="2015-10-10 15:15:38.837 EDT" StructureHandle="=Calculator/src&amp;lt;model{View.java[View" StructureKind="java"/><InteractionEvent Delta="null" EndDate="2015-10-10 18:03:57.449 EDT" Interest="2.0" Kind="selection" Navigation="null" OriginId="org.eclipse.jdt.ui.CompilationUnitEditor" StartDate="2015-10-10 18:03:34.402 EDT" StructureHandle="=Calculator/src&amp;lt;model{View.java[View~View[!15~actionPerformed~QActionEvent;!2" StructureKind="java" NumEvents="2" CreationCount="1685"/><InteractionEvent Delta="null" EndDate="2015-10-10 18:03:59.779 EDT" Interest="3.0" Kind="edit" Navigation="null" OriginId="org.eclipse.jdt.ui.CompilationUnitEditor" StartDate="2015-10-10 18:03:36.899 EDT" StructureHandle="=Calculator/src&amp;lt;model{View.java[View~View[!15~actionPerformed~QActionEvent;!2" StructureKind="java" NumEvents="3" CreationCount="1685"/><InteractionEvent Delta="null" EndDate="2015-10-17 15:10:44.960 EDT" Interest="8.0" Kind="propagation" Navigation="null" OriginId="org.eclipse.ui.views.ResourceNavigator" StartDate="2015-10-11 13:48:30.321 EDT" StructureHandle="/Calculator" StructureKind="resource" NumEvents="8" CreationCount="1776"/><InteractionEvent Delta="null" EndDate="2015-10-11 14:25:30.523 EDT" Interest="23.327002" Kind="manipulation" Navigation="null" OriginId="org.eclipse.mylyn.core.model.interest.decay.correction" StartDate="2015-10-11 14:25:30.523 EDT" StructureHandle="/Calculator" StructureKind="resource"/><InteractionEvent Delta="null" EndDate="2015-10-24 08:19:02.796 EDT" Interest="19.355999" Kind="propagation" Navigation="org.eclipse.mylyn.core.model.edges.containment" OriginId="org.eclipse.mylyn.core.model.interest.propagation" StartDate="2015-10-17 15:17:19.434 EDT" StructureHandle="=Battleship/src&amp;lt;{Player.java[Player" StructureKind="java" NumEvents="25" CreationCount="2030"/><InteractionEvent Delta="null" EndDate="2015-10-17 16:20:12.331 EDT" Interest="2.0" Kind="selection" Navigation="null" OriginId="org.eclipse.jdt.ui.CompilationUnitEditor" StartDate="2015-10-17 16:04:50.593 EDT" StructureHandle="=Battleship/src&amp;lt;{Player.java[Player" StructureKind="java" NumEvents="2" CreationCount="2030"/><InteractionEvent Delta="null" EndDate="2015-10-10 15:34:08.342 EDT" Interest="3.0" Kind="selection" Navigation="null" OriginId="org.eclipse.jdt.ui.CompilationUnitEditor" StartDate="2015-10-10 15:33:35.77 EDT" StructureHandle="=Calculator/src&amp;lt;model{View.java[View^nine" StructureKind="java" NumEvents="3" CreationCount="422"/><InteractionEvent Delta="null" EndDate="2015-10-10 15:17:47.751 EDT" Interest="1.0" Kind="selection" Navigation="null" OriginId="org.eclipse.jdt.ui.CompilationUnitEditor" StartDate="2015-10-10 15:17:47.751 EDT" StructureHandle="=Calculator/src&amp;lt;model{View.java#javax.swing.JButton" StructureKind="java"/><InteractionEvent Delta="null" EndDate="2015-10-17 16:16:14.454 EDT" Interest="4.0" Kind="selection" Navigation="null" OriginId="org.eclipse.jdt.ui.CompilationUnitEditor" StartDate="2015-10-17 16:15:45.819 EDT" StructureHandle="=Battleship/src&amp;lt;{Player.java[Player^chit" StructureKind="java" NumEvents="4" CreationCount="2274"/><InteractionEvent Delta="null" EndDate="2015-10-10 18:04:04.396 EDT" Interest="1.0" Kind="selection" Navigation="null" OriginId="org.eclipse.jdt.ui.CompilationUnitEditor" StartDate="2015-10-10 18:04:04.396 EDT" StructureHandle="=Calculator/src&amp;lt;model{View.java[View~View[~actionPerformed" StructureKind="java"/><InteractionEvent Delta="null" EndDate="2015-10-10 18:04:10.1 EDT" Interest="3.0" Kind="edit" Navigation="null" OriginId="org.eclipse.jdt.ui.CompilationUnitEditor" StartDate="2015-10-10 18:04:05.481 EDT" StructureHandle="=Calculator/src&amp;lt;model{View.java[View~View[~actionPerformed" StructureKind="java" NumEvents="3" CreationCount="1692"/><InteractionEvent Delta="null" EndDate="2015-10-24 09:22:09.722 EDT" Interest="2440.0" Kind="propagation" Navigation="org.eclipse.mylyn.core.model.edges.containment" OriginId="org.eclipse.mylyn.core.model.interest.propagation" StartDate="2015-10-09 21:52:50.508 EDT" StructureHandle="=Calculator" StructureKind="resource" NumEvents="2435" CreationCount="1"/><InteractionEvent Delta="null" EndDate="2015-10-11 20:44:47.524 EDT" Interest="2.0" Kind="selection" Navigation="null" OriginId="org.eclipse.jdt.ui.PackageExplorer" StartDate="2015-10-10 17:08:15.977 EDT" StructureHandle="=Calculator" StructureKind="java" NumEvents="2" CreationCount="1783"/><InteractionEvent Delta="null" EndDate="2015-10-10 17:03:39.293 EDT" Interest="2.0" Kind="selection" Navigation="null" OriginId="org.eclipse.jdt.ui.CompilationUnitEditor" StartDate="2015-10-10 17:02:32.287 EDT" StructureHandle="=Calculator/src&amp;lt;model{InputTest.java#org.junit.Assert.*" StructureKind="java" NumEvents="2" CreationCount="1166"/><InteractionEvent Delta="null" EndDate="2015-10-17 15:20:10.237 EDT" Interest="1.0" Kind="selection" Navigation="null" OriginId="org.eclipse.jdt.ui.CompilationUnitEditor" StartDate="2015-10-17 15:20:10.237 EDT" StructureHandle="=Battleship/src&amp;lt;{BshipServer.java[BshipServer~getProtocol" StructureKind="java"/><InteractionEvent Delta="null" EndDate="2015-10-10 18:46:37.181 EDT" Interest="23.358004" Kind="propagation" Navigation="org.eclipse.mylyn.core.model.edges.containment" OriginId="org.eclipse.mylyn.core.model.interest.propagation" StartDate="2015-10-10 15:56:38.556 EDT" StructureHandle="=Calculator/src&amp;lt;model{View.java[View~View[!8" StructureKind="java" NumEvents="7" CreationCount="704"/><InteractionEvent Delta="null" EndDate="2015-10-10 17:42:44.824 EDT" Interest="1.0" Kind="selection" Navigation="null" OriginId="org.eclipse.jdt.ui.CompilationUnitEditor" StartDate="2015-10-10 17:42:44.824 EDT" StructureHandle="=Calculator/src&amp;lt;model{View.java[View~View[!8" StructureKind="java"/><InteractionEvent Delta="null" EndDate="2015-10-09 21:55:41.424 EDT" Interest="1.0" Kind="selection" Navigation="null" OriginId="org.eclipse.jdt.ui.CompilationUnitEditor" StartDate="2015-10-09 21:55:41.424 EDT" StructureHandle="=Calculator/src&amp;lt;model{Input.java[Input^index" StructureKind="java"/><InteractionEvent Delta="null" EndDate="2015-10-10 17:42:38.89 EDT" Interest="2.383" Kind="propagation" Navigation="org.eclipse.mylyn.core.model.edges.containment" OriginId="org.eclipse.mylyn.core.model.interest.propagation" StartDate="2015-10-10 17:42:35.940 EDT" StructureHandle="=Calculator/src&amp;lt;model{View.java[View~View[!7" StructureKind="java" NumEvents="3" CreationCount="1548"/><InteractionEvent Delta="null" EndDate="2015-10-10 17:42:39.778 EDT" Interest="1.0" Kind="selection" Navigation="null" OriginId="org.eclipse.jdt.ui.CompilationUnitEditor" StartDate="2015-10-10 17:42:39.778 EDT" StructureHandle="=Calculator/src&amp;lt;model{View.java[View~View[!7" StructureKind="java"/><InteractionEvent Delta="null" EndDate="2015-10-17 15:15:35.946 EDT" Interest="12.0" Kind="propagation" Navigation="null" OriginId="org.eclipse.jdt.ui.CompilationUnitEditor" StartDate="2015-10-17 15:15:04.236 EDT" StructureHandle="/Battleship/src/BshipClient.java" StructureKind="resource" NumEvents="12" CreationCount="2000"/><InteractionEvent Delta="null" EndDate="2015-10-17 15:19:22.810 EDT" Interest="1.0" Kind="selection" Navigation="null" OriginId="org.eclipse.jdt.ui.CompilationUnitEditor" StartDate="2015-10-17 15:19:22.810 EDT" StructureHandle="=Battleship/src&amp;lt;{AttackListener.java[AttackListener~actionPerformed~QActionEvent;" StructureKind="java"/><InteractionEvent Delta="null" EndDate="2015-10-10 18:46:04.715 EDT" Interest="0.9829979" Kind="propagation" Navigation="org.eclipse.mylyn.core.model.edges.containment" OriginId="org.eclipse.mylyn.core.model.interest.propagation" StartDate="2015-10-10 18:46:04.715 EDT" StructureHandle="=Calculator/src&amp;lt;model{View.java[View~View[!6" StructureKind="java"/><InteractionEvent Delta="null" EndDate="2015-10-10 18:57:07.351 EDT" Interest="13.973999" Kind="propagation" Navigation="org.eclipse.mylyn.core.model.edges.containment" OriginId="org.eclipse.mylyn.core.model.interest.propagation" StartDate="2015-10-10 17:42:25.691 EDT" StructureHandle="=Calculator/src&amp;lt;model{View.java[View~View[!5" StructureKind="java" NumEvents="4" CreationCount="1540"/><InteractionEvent Delta="null" EndDate="2015-10-10 17:42:29.464 EDT" Interest="1.0" Kind="selection" Navigation="null" OriginId="org.eclipse.jdt.ui.CompilationUnitEditor" StartDate="2015-10-10 17:42:29.464 EDT" StructureHandle="=Calculator/src&amp;lt;model{View.java[View~View[!5" StructureKind="java"/><InteractionEvent Delta="null" EndDate="2015-10-10 18:45:15.406 EDT" Interest="0.9829998" Kind="propagation" Navigation="org.eclipse.mylyn.core.model.edges.containment" OriginId="org.eclipse.mylyn.core.model.interest.propagation" StartDate="2015-10-10 18:45:15.406 EDT" StructureHandle="=Calculator/src&amp;lt;model{View.java[View~View[!3" StructureKind="java"/><InteractionEvent Delta="null" EndDate="2015-10-17 15:15:04.236 EDT" Interest="1.0" Kind="propagation" Navigation="null" OriginId="org.eclipse.mylyn.resources.ui.interest.updater" StartDate="2015-10-17 15:15:04.236 EDT" StructureHandle="=Battleship/src&amp;lt;{BshipClient.java" StructureKind="java"/><InteractionEvent Delta="null" EndDate="2015-10-17 15:15:04.475 EDT" Interest="2.0" Kind="selection" Navigation="null" OriginId="org.eclipse.jdt.ui.CompilationUnitEditor" StartDate="2015-10-17 15:15:04.390 EDT" StructureHandle="=Battleship/src&amp;lt;{BshipClient.java" StructureKind="java" NumEvents="2" CreationCount="2000"/><InteractionEvent Delta="null" EndDate="2015-10-17 15:15:16.410 EDT" Interest="5.0" Kind="edit" Navigation="null" OriginId="org.eclipse.jdt.ui.CompilationUnitEditor" StartDate="2015-10-17 15:15:04.530 EDT" StructureHandle="=Battleship/src&amp;lt;{BshipClient.java" StructureKind="java" NumEvents="5" CreationCount="2000"/><InteractionEvent Delta="null" EndDate="2015-10-10 17:04:33.374 EDT" Interest="4.0" Kind="selection" Navigation="null" OriginId="org.eclipse.jdt.ui.CompilationUnitEditor" StartDate="2015-10-10 15:17:56.699 EDT" StructureHandle="=Calculator/src&amp;lt;model{View.java#javax.swing.JPanel" StructureKind="java" NumEvents="4" CreationCount="277"/><InteractionEvent Delta="null" EndDate="2015-10-10 17:04:23.562 EDT" Interest="13.215001" Kind="manipulation" Navigation="null" OriginId="org.eclipse.mylyn.core.model.interest.decay.correction" StartDate="2015-10-10 17:04:23.562 EDT" StructureHandle="=Calculator/src&amp;lt;model{View.java#javax.swing.JPanel" StructureKind="java"/><InteractionEvent Delta="null" EndDate="2015-10-10 16:04:42.94 EDT" Interest="1.0" Kind="propagation" Navigation="org.eclipse.mylyn.core.model.edges.containment" OriginId="org.eclipse.mylyn.core.model.interest.propagation" StartDate="2015-10-10 16:04:42.94 EDT" StructureHandle="=Calculator/src&amp;lt;model{View.java[View~View[!12" StructureKind="java"/><InteractionEvent Delta="null" EndDate="2015-10-10 17:42:58.529 EDT" Interest="13.410001" Kind="propagation" Navigation="org.eclipse.mylyn.core.model.edges.containment" OriginId="org.eclipse.mylyn.core.model.interest.propagation" StartDate="2015-10-10 16:03:17.969 EDT" StructureHandle="=Calculator/src&amp;lt;model{View.java[View~View[!11" StructureKind="java" NumEvents="6" CreationCount="835"/><InteractionEvent Delta="null" EndDate="2015-10-10 18:47:11.412 EDT" Interest="9.146001" Kind="propagation" Navigation="org.eclipse.mylyn.core.model.edges.containment" OriginId="org.eclipse.mylyn.core.model.interest.propagation" StartDate="2015-10-10 17:42:52.855 EDT" StructureHandle="=Calculator/src&amp;lt;model{View.java[View~View[!10" StructureKind="java" NumEvents="4" CreationCount="1562"/><InteractionEvent Delta="null" EndDate="2015-10-10 17:42:57.292 EDT" Interest="1.0" Kind="selection" Navigation="null" OriginId="org.eclipse.jdt.ui.CompilationUnitEditor" StartDate="2015-10-10 17:42:57.292 EDT" StructureHandle="=Calculator/src&amp;lt;model{View.java[View~View[!10" StructureKind="java"/><InteractionEvent Delta="null" EndDate="2015-10-17 16:07:10.869 EDT" Interest="2.0" Kind="selection" Navigation="null" OriginId="org.eclipse.ui.views.ContentOutline" StartDate="2015-10-17 16:04:53.665 EDT" StructureHandle="=Battleship/src&amp;lt;{Player.java[Player^mhs" StructureKind="java" NumEvents="2" CreationCount="2258"/><InteractionEvent Delta="null" EndDate="2015-10-17 16:07:13.73 EDT" Interest="1.0" Kind="edit" Navigation="null" OriginId="org.eclipse.jdt.ui.CompilationUnitEditor" StartDate="2015-10-17 16:07:13.73 EDT" StructureHandle="=Battleship/src&amp;lt;{Player.java[Player^mhs" StructureKind="java"/><InteractionEvent Delta="null" EndDate="2015-10-10 18:46:37.181 EDT" Interest="4.0" Kind="selection" Navigation="null" OriginId="org.eclipse.jdt.ui.CompilationUnitEditor" StartDate="2015-10-10 15:56:38.555 EDT" StructureHandle="=Calculator/src&amp;lt;model{View.java[View~View[!8~actionPerformed~QActionEvent;" StructureKind="java" NumEvents="4" CreationCount="704"/><InteractionEvent Delta="null" EndDate="2015-10-10 17:42:44.205 EDT" Interest="3.0" Kind="edit" Navigation="null" OriginId="org.eclipse.jdt.ui.CompilationUnitEditor" StartDate="2015-10-10 17:42:42.117 EDT" StructureHandle="=Calculator/src&amp;lt;model{View.java[View~View[!8~actionPerformed~QActionEvent;" StructureKind="java" NumEvents="3" CreationCount="704"/><InteractionEvent Delta="null" EndDate="2015-10-10 18:46:37.181 EDT" Interest="18.258003" Kind="manipulation" Navigation="null" OriginId="org.eclipse.mylyn.core.model.interest.decay.correction" StartDate="2015-10-10 17:42:41.19 EDT" StructureHandle="=Calculator/src&amp;lt;model{View.java[View~View[!8~actionPerformed~QActionEvent;" StructureKind="java" NumEvents="2" CreationCount="704"/><InteractionEvent Delta="null" EndDate="2015-10-10 17:40:38.794 EDT" Interest="10.441" Kind="propagation" Navigation="org.eclipse.mylyn.core.model.edges.containment" OriginId="org.eclipse.mylyn.core.model.interest.propagation" StartDate="2015-10-10 16:35:51.825 EDT" StructureHandle="=Calculator/src&amp;lt;model{View.java[View~View[!14" StructureKind="java" NumEvents="7" CreationCount="1044"/><InteractionEvent Delta="null" EndDate="2015-10-10 16:30:34.354 EDT" Interest="25.8" Kind="propagation" Navigation="org.eclipse.mylyn.core.model.edges.containment" OriginId="org.eclipse.mylyn.core.model.interest.propagation" StartDate="2015-10-10 16:19:08.30 EDT" StructureHandle="=Calculator/src&amp;lt;model{View.java[View~View[!13" StructureKind="java" NumEvents="33" CreationCount="921"/><InteractionEvent Delta="null" EndDate="2015-10-10 16:31:53.848 EDT" Interest="2.0" Kind="selection" Navigation="null" OriginId="org.eclipse.jdt.ui.CompilationUnitEditor" StartDate="2015-10-10 16:19:12.305 EDT" StructureHandle="=Calculator/src&amp;lt;model{View.java[View~View[!13" StructureKind="java" NumEvents="2" CreationCount="921"/><InteractionEvent Delta="null" EndDate="2015-10-17 15:55:35.736 EDT" Interest="6.0" Kind="selection" Navigation="null" OriginId="org.eclipse.jdt.ui.CompilationUnitEditor" StartDate="2015-10-17 15:54:23.904 EDT" StructureHandle="=Battleship/src&amp;lt;{Player.java[Player~takeShot~I~I" StructureKind="java" NumEvents="6" CreationCount="2199"/><InteractionEvent Delta="null" EndDate="2015-10-17 15:55:36.251 EDT" Interest="11.0" Kind="edit" Navigation="null" OriginId="org.eclipse.jdt.ui.CompilationUnitEditor" StartDate="2015-10-17 15:54:26.998 EDT" StructureHandle="=Battleship/src&amp;lt;{Player.java[Player~takeShot~I~I" StructureKind="java" NumEvents="11" CreationCount="2199"/><InteractionEvent Delta="null" EndDate="2015-10-17 15:21:13.468 EDT" Interest="1.0" Kind="propagation" Navigation="null" OriginId="org.eclipse.mylyn.resources.ui.interest.updater" StartDate="2015-10-17 15:21:13.468 EDT" StructureHandle="=Battleship/src&amp;lt;{BshipThread.java" StructureKind="java"/><InteractionEvent Delta="null" EndDate="2015-10-17 15:23:25.817 EDT" Interest="4.0" Kind="selection" Navigation="null" OriginId="org.eclipse.jdt.ui.CompilationUnitEditor" StartDate="2015-10-17 15:21:13.535 EDT" StructureHandle="=Battleship/src&amp;lt;{BshipThread.java" StructureKind="java" NumEvents="4" CreationCount="2072"/><InteractionEvent Delta="null" EndDate="2015-10-17 15:21:16.578 EDT" Interest="4.0" Kind="edit" Navigation="null" OriginId="org.eclipse.jdt.ui.CompilationUnitEditor" StartDate="2015-10-17 15:21:13.703 EDT" StructureHandle="=Battleship/src&amp;lt;{BshipThread.java" StructureKind="java" NumEvents="4" CreationCount="2072"/><InteractionEvent Delta="null" EndDate="2015-10-17 15:36:02.257 EDT" Interest="4.0" Kind="selection" Navigation="null" OriginId="org.eclipse.jdt.ui.CompilationUnitEditor" StartDate="2015-10-17 15:24:09.908 EDT" StructureHandle="=Battleship/src&amp;lt;{Bship.java[Bship~autoBoard~I~I" StructureKind="java" NumEvents="4" CreationCount="2124"/><InteractionEvent Delta="null" EndDate="2015-10-17 15:25:08.925 EDT" Interest="1.0" Kind="edit" Navigation="null" OriginId="org.eclipse.jdt.ui.CompilationUnitEditor" StartDate="2015-10-17 15:25:08.925 EDT" StructureHandle="=Battleship/src&amp;lt;{Bship.java[Bship~autoBoard~I~I" StructureKind="java"/><InteractionEvent Delta="null" EndDate="2015-10-17 16:20:41.346 EDT" Interest="15.0" Kind="propagation" Navigation="org.eclipse.mylyn.core.model.edges.containment" OriginId="org.eclipse.mylyn.core.model.interest.propagation" StartDate="2015-10-17 15:54:57.108 EDT" StructureHandle="=Battleship/src&amp;lt;{Player.java#" StructureKind="java" NumEvents="15" CreationCount="2208"/><InteractionEvent Delta="null" EndDate="2015-10-17 15:26:23.787 EDT" Interest="1.0" Kind="selection" Navigation="null" OriginId="org.eclipse.jdt.ui.CompilationUnitEditor" StartDate="2015-10-17 15:26:23.787 EDT" StructureHandle="=Battleship/src&amp;lt;{Bship.java[Bship[StatsListener~actionPerformed~QActionEvent;" StructureKind="java"/><InteractionEvent Delta="null" EndDate="2015-10-17 15:26:30.943 EDT" Interest="4.0" Kind="edit" Navigation="null" OriginId="org.eclipse.jdt.ui.CompilationUnitEditor" StartDate="2015-10-17 15:26:25.818 EDT" StructureHandle="=Battleship/src&amp;lt;{Bship.java[Bship[StatsListener~actionPerformed~QActionEvent;" StructureKind="java" NumEvents="4" CreationCount="2144"/><InteractionEvent Delta="null" EndDate="2015-10-17 15:21:23.346 EDT" Interest="1.0" Kind="selection" Navigation="null" OriginId="org.eclipse.jdt.ui.CompilationUnitEditor" StartDate="2015-10-17 15:21:23.346 EDT" StructureHandle="=Battleship/src&amp;lt;{BshipThread.java[BshipThread~getShot" StructureKind="java"/><InteractionEvent Delta="null" EndDate="2015-10-17 15:21:23.884 EDT" Interest="1.0" Kind="edit" Navigation="null" OriginId="org.eclipse.jdt.ui.CompilationUnitEditor" StartDate="2015-10-17 15:21:23.884 EDT" StructureHandle="=Battleship/src&amp;lt;{BshipThread.java[BshipThread~getShot" StructureKind="java"/><InteractionEvent Delta="null" EndDate="2015-10-17 15:26:49.789 EDT" Interest="8.917" Kind="propagation" Navigation="org.eclipse.mylyn.core.model.edges.containment" OriginId="org.eclipse.mylyn.core.model.interest.propagation" StartDate="2015-10-17 15:21:58.22 EDT" StructureHandle="=Battleship/src&amp;lt;{BshipProtocol.java[BshipProtocol" StructureKind="java" NumEvents="11" CreationCount="2089"/><InteractionEvent Delta="null" EndDate="2015-10-17 16:01:51.677 EDT" Interest="2.7000003" Kind="propagation" Navigation="org.eclipse.mylyn.core.model.edges.containment" OriginId="org.eclipse.mylyn.core.model.interest.propagation" StartDate="2015-10-17 16:01:50.442 EDT" StructureHandle="=Battleship/src&amp;lt;{Bship.java[Bship[BoardListener" StructureKind="java" NumEvents="3" CreationCount="2236"/><InteractionEvent Delta="null" EndDate="2015-10-17 16:11:07.227 EDT" Interest="1.0" Kind="selection" Navigation="null" OriginId="org.eclipse.jdt.ui.CompilationUnitEditor" StartDate="2015-10-17 16:11:07.227 EDT" StructureHandle="=Battleship/src&amp;lt;{Player.java[Player~rshipsv~I~I" StructureKind="java"/><InteractionEvent Delta="null" EndDate="2015-10-17 16:11:29.446 EDT" Interest="5.0" Kind="edit" Navigation="null" OriginId="org.eclipse.jdt.ui.CompilationUnitEditor" StartDate="2015-10-17 16:11:09.571 EDT" StructureHandle="=Battleship/src&amp;lt;{Player.java[Player~rshipsv~I~I" StructureKind="java" NumEvents="5" CreationCount="2262"/><InteractionEvent Delta="null" EndDate="2015-10-17 16:16:30.572 EDT" Interest="2.0" Kind="selection" Navigation="null" OriginId="org.eclipse.jdt.ui.CompilationUnitEditor" StartDate="2015-10-17 16:16:14.517 EDT" StructureHandle="=Battleship/src&amp;lt;{Player.java[Player^hitormiss" StructureKind="java" NumEvents="2" CreationCount="2289"/><InteractionEvent Delta="null" EndDate="2015-10-17 16:16:14.974 EDT" Interest="1.0" Kind="edit" Navigation="null" OriginId="org.eclipse.jdt.ui.CompilationUnitEditor" StartDate="2015-10-17 16:16:14.974 EDT" StructureHandle="=Battleship/src&amp;lt;{Player.java[Player^hitormiss" StructureKind="java"/><InteractionEvent Delta="null" EndDate="2015-10-10 17:09:19.695 EDT" Interest="7.0" Kind="selection" Navigation="null" OriginId="org.eclipse.jdt.ui.PackageExplorer" StartDate="2015-10-10 17:01:50.368 EDT" StructureHandle="=Calculator/src&amp;lt;model{InputTest.java[InputTest~setUp" StructureKind="java" NumEvents="7" CreationCount="1158"/><InteractionEvent Delta="null" EndDate="2015-10-10 17:07:44.40 EDT" Interest="1.0" Kind="edit" Navigation="null" OriginId="org.eclipse.jdt.ui.CompilationUnitEditor" StartDate="2015-10-10 17:07:44.40 EDT" StructureHandle="=Calculator/src&amp;lt;model{InputTest.java[InputTest~setUp" StructureKind="java"/><InteractionEvent Delta="null" EndDate="2015-10-10 17:40:30.264 EDT" Interest="3.0" Kind="selection" Navigation="null" OriginId="org.eclipse.jdt.ui.CompilationUnitEditor" StartDate="2015-10-10 16:35:51.824 EDT" StructureHandle="=Calculator/src&amp;lt;model{View.java[View~View[!14~actionPerformed~QActionEvent;" StructureKind="java" NumEvents="3" CreationCount="1044"/><InteractionEvent Delta="null" EndDate="2015-10-10 17:40:38.793 EDT" Interest="4.0" Kind="edit" Navigation="null" OriginId="org.eclipse.jdt.ui.CompilationUnitEditor" StartDate="2015-10-10 16:35:54.915 EDT" StructureHandle="=Calculator/src&amp;lt;model{View.java[View~View[!14~actionPerformed~QActionEvent;" StructureKind="java" NumEvents="4" CreationCount="1044"/><InteractionEvent Delta="null" EndDate="2015-10-10 17:40:30.264 EDT" Interest="4.6410003" Kind="manipulation" Navigation="null" OriginId="org.eclipse.mylyn.core.model.interest.decay.correction" StartDate="2015-10-10 17:40:30.264 EDT" StructureHandle="=Calculator/src&amp;lt;model{View.java[View~View[!14~actionPerformed~QActionEvent;" StructureKind="java"/><InteractionEvent Delta="null" EndDate="2015-10-17 15:26:30.943 EDT" Interest="3.8" Kind="propagation" Navigation="org.eclipse.mylyn.core.model.edges.containment" OriginId="org.eclipse.mylyn.core.model.interest.propagation" StartDate="2015-10-17 15:26:23.787 EDT" StructureHandle="=Battleship/src&amp;lt;{Bship.java[Bship[StatsListener" StructureKind="java" NumEvents="5" CreationCount="2144"/><InteractionEvent Delta="null" EndDate="2015-10-10 15:34:09.972 EDT" Interest="7.0" Kind="selection" Navigation="null" OriginId="org.eclipse.jdt.ui.CompilationUnitEditor" StartDate="2015-10-10 15:33:18.165 EDT" StructureHandle="=Calculator/src&amp;lt;model{View.java[View^add" StructureKind="java" NumEvents="7" CreationCount="410"/><InteractionEvent Delta="null" EndDate="2015-10-10 15:33:23.158 EDT" Interest="2.0" Kind="edit" Navigation="null" OriginId="org.eclipse.jdt.ui.CompilationUnitEditor" StartDate="2015-10-10 15:33:18.978 EDT" StructureHandle="=Calculator/src&amp;lt;model{View.java[View^add" StructureKind="java" NumEvents="2" CreationCount="410"/><InteractionEvent Delta="null" EndDate="2015-10-17 15:10:44.960 EDT" Interest="2043.0" Kind="propagation" Navigation="null" OriginId="org.eclipse.ui.views.ResourceNavigator" StartDate="2015-10-10 15:01:01.297 EDT" StructureHandle="/Calculator/src/model/View.java" StructureKind="resource" NumEvents="2043" CreationCount="258"/><InteractionEvent Delta="null" EndDate="2015-10-17 15:15:33.151 EDT" Interest="1.0" Kind="selection" Navigation="null" OriginId="org.eclipse.jdt.ui.CompilationUnitEditor" StartDate="2015-10-17 15:15:33.151 EDT" StructureHandle="=Battleship/src&amp;lt;{BshipClient.java[BshipClient~sendShips" StructureKind="java"/><InteractionEvent Delta="null" EndDate="2015-10-17 15:15:35.946 EDT" Interest="2.0" Kind="edit" Navigation="null" OriginId="org.eclipse.jdt.ui.CompilationUnitEditor" StartDate="2015-10-17 15:15:33.651 EDT" StructureHandle="=Battleship/src&amp;lt;{BshipClient.java[BshipClient~sendShips" StructureKind="java" NumEvents="2" CreationCount="2009"/><InteractionEvent Delta="null" EndDate="2015-10-09 22:34:20.894 EDT" Interest="2.0" Kind="selection" Navigation="null" OriginId="org.eclipse.jdt.ui.CompilationUnitEditor" StartDate="2015-10-09 22:32:03.53 EDT" StructureHandle="=Calculator/src&amp;lt;model{BasicAlgebra.java[BasicAlgebra~BasicAlgebra~\[D" StructureKind="java" NumEvents="2" CreationCount="165"/><InteractionEvent Delta="null" EndDate="2015-10-09 22:34:21.759 EDT" Interest="16.0" Kind="edit" Navigation="null" OriginId="org.eclipse.jdt.ui.CompilationUnitEditor" StartDate="2015-10-09 22:32:05.61 EDT" StructureHandle="=Calculator/src&amp;lt;model{BasicAlgebra.java[BasicAlgebra~BasicAlgebra~\[D" StructureKind="java" NumEvents="16" CreationCount="165"/><InteractionEvent Delta="null" EndDate="2015-10-10 17:09:19.698 EDT" Interest="30.0" Kind="propagation" Navigation="null" OriginId="org.eclipse.jdt.ui.PackageExplorer" StartDate="2015-10-10 16:40:17.58 EDT" StructureHandle="/Calculator/src/model/InputTest.java" StructureKind="resource" NumEvents="30" CreationCount="1094"/><InteractionEvent Delta="null" EndDate="2015-10-10 17:01:49.627 EDT" Interest="0.0710001" Kind="manipulation" Navigation="null" OriginId="org.eclipse.mylyn.core.model.interest.decay.correction" StartDate="2015-10-10 17:01:49.627 EDT" StructureHandle="/Calculator/src/model/InputTest.java" StructureKind="resource"/><InteractionEvent Delta="null" EndDate="2015-10-17 15:36:23.748 EDT" Interest="2.0" Kind="selection" Navigation="null" OriginId="org.eclipse.jdt.ui.CompilationUnitEditor" StartDate="2015-10-17 15:36:06.810 EDT" StructureHandle="=Battleship/src&amp;lt;{Bship.java[Bship~getYou" StructureKind="java" NumEvents="2" CreationCount="2165"/><InteractionEvent Delta="null" EndDate="2015-10-10 17:04:55.3 EDT" Interest="2.051" Kind="propagation" Navigation="org.eclipse.mylyn.core.model.edges.containment" OriginId="org.eclipse.mylyn.core.model.interest.propagation" StartDate="2015-10-10 17:02:32.287 EDT" StructureHandle="=Calculator/src&amp;lt;model{InputTest.java#" StructureKind="java" NumEvents="3" CreationCount="1166"/><InteractionEvent Delta="null" EndDate="2015-10-10 17:07:44.634 EDT" Interest="6.0" Kind="selection" Navigation="null" OriginId="org.eclipse.jdt.ui.CompilationUnitEditor" StartDate="2015-10-10 17:03:39.894 EDT" StructureHandle="=Calculator/src&amp;lt;model{InputTest.java[InputTest~testCalucate" StructureKind="java" NumEvents="6" CreationCount="1168"/><InteractionEvent Delta="null" EndDate="2015-10-10 17:07:32.289 EDT" Interest="1.0" Kind="edit" Navigation="null" OriginId="org.eclipse.jdt.ui.CompilationUnitEditor" StartDate="2015-10-10 17:07:32.289 EDT" StructureHandle="=Calculator/src&amp;lt;model{InputTest.java[InputTest~testCalucate" StructureKind="java"/><InteractionEvent Delta="null" EndDate="2015-10-10 17:07:44.635 EDT" Interest="3.87" Kind="propagation" Navigation="org.eclipse.mylyn.core.model.edges.containment" OriginId="org.eclipse.mylyn.core.model.interest.propagation" StartDate="2015-10-10 17:01:50.369 EDT" StructureHandle="=Calculator/src&amp;lt;model{InputTest.java[InputTest" StructureKind="java" NumEvents="5" CreationCount="1158"/><InteractionEvent Delta="null" EndDate="2015-10-10 17:09:06.844 EDT" Interest="6.0" Kind="selection" Navigation="null" OriginId="org.eclipse.jdt.ui.CompilationUnitEditor" StartDate="2015-10-10 17:05:01.509 EDT" StructureHandle="=Calculator/src&amp;lt;model{InputTest.java[InputTest" StructureKind="java" NumEvents="6" CreationCount="1158"/><InteractionEvent Delta="null" EndDate="2015-10-17 15:18:59.790 EDT" Interest="1.0" Kind="propagation" Navigation="null" OriginId="org.eclipse.mylyn.resources.ui.interest.updater" StartDate="2015-10-17 15:18:59.790 EDT" StructureHandle="=Battleship/src&amp;lt;{AttackListener.java" StructureKind="java"/><InteractionEvent Delta="null" EndDate="2015-10-17 15:36:17.951 EDT" Interest="9.0" Kind="selection" Navigation="null" OriginId="org.eclipse.jdt.ui.CompilationUnitEditor" StartDate="2015-10-17 15:18:59.893 EDT" StructureHandle="=Battleship/src&amp;lt;{AttackListener.java" StructureKind="java" NumEvents="9" CreationCount="2049"/><InteractionEvent Delta="null" EndDate="2015-10-17 15:36:19.388 EDT" Interest="12.0" Kind="edit" Navigation="null" OriginId="org.eclipse.jdt.ui.CompilationUnitEditor" StartDate="2015-10-17 15:19:00.8 EDT" StructureHandle="=Battleship/src&amp;lt;{AttackListener.java" StructureKind="java" NumEvents="12" CreationCount="2049"/><InteractionEvent Delta="null" EndDate="2015-10-10 15:33:28.510 EDT" Interest="1.0" Kind="selection" Navigation="null" OriginId="org.eclipse.jdt.ui.CompilationUnitEditor" StartDate="2015-10-10 15:33:28.510 EDT" StructureHandle="=Calculator/src&amp;lt;model{View.java[View^fou" StructureKind="java"/><InteractionEvent Delta="null" EndDate="2015-10-10 17:06:17.353 EDT" Interest="162.0" Kind="propagation" Navigation="null" OriginId="org.eclipse.jdt.ui.CompilationUnitEditor" StartDate="2015-10-09 22:25:21.763 EDT" StructureHandle="/Calculator/src/model/BasicAlgebra.java" StructureKind="resource" NumEvents="162" CreationCount="133"/><InteractionEvent Delta="null" EndDate="2015-10-17 15:59:33.865 EDT" Interest="9.691999" Kind="propagation" Navigation="org.eclipse.mylyn.core.model.edges.containment" OriginId="org.eclipse.mylyn.core.model.interest.propagation" StartDate="2015-10-17 15:25:08.925 EDT" StructureHandle="=Battleship/src&amp;lt;{Bship.java[Bship" StructureKind="java" NumEvents="14" CreationCount="1996"/><InteractionEvent Delta="null" EndDate="2015-10-17 15:36:43.756 EDT" Interest="6.0" Kind="selection" Navigation="null" OriginId="org.eclipse.jdt.ui.CompilationUnitEditor" StartDate="2015-10-17 15:13:21.690 EDT" StructureHandle="=Battleship/src&amp;lt;{Bship.java[Bship" StructureKind="java" NumEvents="6" CreationCount="1996"/><InteractionEvent Delta="null" EndDate="2015-10-17 15:22:36.214 EDT" Interest="0.7170001" Kind="manipulation" Navigation="null" OriginId="org.eclipse.mylyn.core.model.interest.decay.correction" StartDate="2015-10-17 15:22:36.214 EDT" StructureHandle="=Battleship/src&amp;lt;{Bship.java[Bship" StructureKind="java"/><InteractionEvent Delta="null" EndDate="2015-10-09 22:16:07.53 EDT" Interest="1.0" Kind="selection" Navigation="null" OriginId="org.eclipse.jdt.ui.CompilationUnitEditor" StartDate="2015-10-09 22:16:07.53 EDT" StructureHandle="=Calculator/src&amp;lt;model{Input.java[Input~getInput" StructureKind="java"/><InteractionEvent Delta="null" EndDate="2015-10-09 22:16:16.860 EDT" Interest="5.0" Kind="edit" Navigation="null" OriginId="org.eclipse.jdt.ui.CompilationUnitEditor" StartDate="2015-10-09 22:16:10.297 EDT" StructureHandle="=Calculator/src&amp;lt;model{Input.java[Input~getInput" StructureKind="java" NumEvents="5" CreationCount="126"/><InteractionEvent Delta="null" EndDate="2015-10-17 15:59:33.865 EDT" Interest="5.0" Kind="selection" Navigation="null" OriginId="org.eclipse.jdt.ui.CompilationUnitEditor" StartDate="2015-10-17 15:36:29.322 EDT" StructureHandle="=Battleship/src&amp;lt;{Bship.java[Bship~main~\[QString;" StructureKind="java" NumEvents="5" CreationCount="2173"/><InteractionEvent Delta="null" EndDate="2015-10-17 15:45:16.205 EDT" Interest="12.0" Kind="edit" Navigation="null" OriginId="org.eclipse.jdt.ui.CompilationUnitEditor" StartDate="2015-10-17 15:36:47.717 EDT" StructureHandle="=Battleship/src&amp;lt;{Bship.java[Bship~main~\[QString;" StructureKind="java" NumEvents="12" CreationCount="2173"/><InteractionEvent Delta="null" EndDate="2015-10-17 16:22:31.426 EDT" Interest="15.0" Kind="propagation" Navigation="null" OriginId="org.eclipse.jdt.ui.CompilationUnitEditor" StartDate="2015-10-17 15:19:51.702 EDT" StructureHandle="/Battleship/src/BshipServer.java" StructureKind="resource" NumEvents="15" CreationCount="2062"/><InteractionEvent Delta="null" EndDate="2015-10-17 15:15:17.825 EDT" Interest="1.0" Kind="selection" Navigation="null" OriginId="org.eclipse.jdt.ui.CompilationUnitEditor" StartDate="2015-10-17 15:15:17.825 EDT" StructureHandle="=Battleship/src&amp;lt;{BshipClient.java[BattleshipClient" StructureKind="java"/><InteractionEvent Delta="null" EndDate="2015-10-17 15:21:58.22 EDT" Interest="1.0" Kind="propagation" Navigation="org.eclipse.mylyn.core.model.edges.containment" OriginId="org.eclipse.mylyn.core.model.interest.propagation" StartDate="2015-10-17 15:21:58.22 EDT" StructureHandle="=Battleship/src&amp;lt;{BshipProtocol.java[BattleshipProtocol[Game" StructureKind="java"/><InteractionEvent Delta="null" EndDate="2015-10-10 16:32:32.990 EDT" Interest="1.0" Kind="selection" Navigation="null" OriginId="org.eclipse.jdt.ui.CompilationUnitEditor" StartDate="2015-10-10 16:32:32.990 EDT" StructureHandle="=Calculator/src&amp;lt;model{View.java[View^allclear" StructureKind="java"/><InteractionEvent Delta="null" EndDate="2015-10-17 15:21:23.884 EDT" Interest="0.71700007" Kind="propagation" Navigation="org.eclipse.mylyn.core.model.edges.containment" OriginId="org.eclipse.mylyn.core.model.interest.propagation" StartDate="2015-10-17 15:21:23.884 EDT" StructureHandle="=Battleship/src&amp;lt;{BshipThread.java[BshipThread" StructureKind="java"/><InteractionEvent Delta="null" EndDate="2015-10-17 15:23:25.849 EDT" Interest="3.0" Kind="selection" Navigation="null" OriginId="org.eclipse.jdt.ui.CompilationUnitEditor" StartDate="2015-10-17 15:21:17.859 EDT" StructureHandle="=Battleship/src&amp;lt;{BshipThread.java[BshipThread" StructureKind="java" NumEvents="3" CreationCount="2079"/><InteractionEvent Delta="null" EndDate="2015-10-10 16:24:44.86 EDT" Interest="2.0" Kind="selection" Navigation="null" OriginId="org.eclipse.jdt.ui.CompilationUnitEditor" StartDate="2015-10-10 15:50:30.248 EDT" StructureHandle="=Calculator/src&amp;lt;model{View.java[View^input" StructureKind="java" NumEvents="2" CreationCount="594"/><InteractionEvent Delta="null" EndDate="2015-10-10 15:50:32.106 EDT" Interest="1.0" Kind="edit" Navigation="null" OriginId="org.eclipse.jdt.ui.CompilationUnitEditor" StartDate="2015-10-10 15:50:32.106 EDT" StructureHandle="=Calculator/src&amp;lt;model{View.java[View^input" StructureKind="java"/><InteractionEvent Delta="null" EndDate="2015-10-10 16:24:44.86 EDT" Interest="4.335" Kind="manipulation" Navigation="null" OriginId="org.eclipse.mylyn.core.model.interest.decay.correction" StartDate="2015-10-10 16:24:44.86 EDT" StructureHandle="=Calculator/src&amp;lt;model{View.java[View^input" StructureKind="java"/><InteractionEvent Delta="null" EndDate="2015-10-17 16:04:12.41 EDT" Interest="27.3" Kind="propagation" Navigation="org.eclipse.mylyn.core.model.edges.containment" OriginId="org.eclipse.mylyn.core.model.interest.propagation" StartDate="2015-10-17 15:12:36.367 EDT" StructureHandle="=Battleship/src" StructureKind="java" NumEvents="43" CreationCount="1982"/><InteractionEvent Delta="null" EndDate="2015-10-17 15:20:57.494 EDT" Interest="2.0" Kind="selection" Navigation="null" OriginId="org.eclipse.ui.navigator.ProjectExplorer" StartDate="2015-10-17 15:11:45.90 EDT" StructureHandle="=Battleship/src" StructureKind="java" NumEvents="2" CreationCount="1982"/><InteractionEvent Delta="null" EndDate="2015-10-10 16:26:23.249 EDT" Interest="3.0" Kind="selection" Navigation="null" OriginId="org.eclipse.jdt.ui.CompilationUnitEditor" StartDate="2015-10-10 16:24:48.736 EDT" StructureHandle="=Calculator/src&amp;lt;model{View.java[View^math" StructureKind="java" NumEvents="3" CreationCount="954"/><InteractionEvent Delta="null" EndDate="2015-10-17 15:18:00.726 EDT" Interest="1.0" Kind="propagation" Navigation="null" OriginId="org.eclipse.mylyn.resources.ui.interest.updater" StartDate="2015-10-17 15:18:00.726 EDT" StructureHandle="=Battleship/src&amp;lt;{Ship.java" StructureKind="java"/><InteractionEvent Delta="null" EndDate="2015-10-17 16:04:14.607 EDT" Interest="8.0" Kind="selection" Navigation="null" OriginId="org.eclipse.jdt.ui.CompilationUnitEditor" StartDate="2015-10-17 15:18:00.921 EDT" StructureHandle="=Battleship/src&amp;lt;{Ship.java" StructureKind="java" NumEvents="8" CreationCount="2035"/><InteractionEvent Delta="null" EndDate="2015-10-17 15:18:09.820 EDT" Interest="5.0" Kind="edit" Navigation="null" OriginId="org.eclipse.jdt.ui.CompilationUnitEditor" StartDate="2015-10-17 15:18:01.84 EDT" StructureHandle="=Battleship/src&amp;lt;{Ship.java" StructureKind="java" NumEvents="5" CreationCount="2035"/><InteractionEvent Delta="null" EndDate="2015-10-11 20:19:17.664 EDT" Interest="890.773" Kind="propagation" Navigation="org.eclipse.mylyn.core.model.edges.containment" OriginId="org.eclipse.mylyn.core.model.interest.propagation" StartDate="2015-10-10 15:01:01.297 EDT" StructureHandle="=Calculator/src&amp;lt;model{View.java" StructureKind="java" NumEvents="1265" CreationCount="258"/><InteractionEvent Delta="null" EndDate="2015-10-17 15:10:44.960 EDT" Interest="26.0" Kind="selection" Navigation="null" OriginId="org.eclipse.ui.views.ResourceNavigator" StartDate="2015-10-10 15:01:01.407 EDT" StructureHandle="=Calculator/src&amp;lt;model{View.java" StructureKind="java" NumEvents="26" CreationCount="258"/><InteractionEvent Delta="null" EndDate="2015-10-10 18:37:02.134 EDT" Interest="6.0" Kind="edit" Navigation="null" OriginId="org.eclipse.jdt.ui.CompilationUnitEditor" StartDate="2015-10-10 15:17:45.363 EDT" StructureHandle="=Calculator/src&amp;lt;model{View.java" StructureKind="java" NumEvents="6" CreationCount="258"/><InteractionEvent Delta="null" EndDate="2015-10-17 15:26:49.789 EDT" Interest="24.0" Kind="propagation" Navigation="null" OriginId="org.eclipse.jdt.ui.CompilationUnitEditor" StartDate="2015-10-17 15:21:54.106 EDT" StructureHandle="/Battleship/src/BshipProtocol.java" StructureKind="resource" NumEvents="24" CreationCount="2083"/><InteractionEvent Delta="null" EndDate="2015-10-17 15:15:35.946 EDT" Interest="1.417" Kind="propagation" Navigation="org.eclipse.mylyn.core.model.edges.containment" OriginId="org.eclipse.mylyn.core.model.interest.propagation" StartDate="2015-10-17 15:15:33.651 EDT" StructureHandle="=Battleship/src&amp;lt;{BshipClient.java[BshipClient" StructureKind="java" NumEvents="2" CreationCount="2008"/><InteractionEvent Delta="null" EndDate="2015-10-17 16:04:12.87 EDT" Interest="90.0" Kind="propagation" Navigation="null" OriginId="org.eclipse.jdt.ui.CompilationUnitEditor" StartDate="2015-10-17 15:12:36.211 EDT" StructureHandle="/Battleship/src/Bship.java" StructureKind="resource" NumEvents="90" CreationCount="1982"/><InteractionEvent Delta="null" EndDate="2015-10-10 15:50:01.691 EDT" Interest="4.0" Kind="selection" Navigation="null" OriginId="org.eclipse.jdt.ui.CompilationUnitEditor" StartDate="2015-10-10 15:19:46.308 EDT" StructureHandle="=Calculator/src&amp;lt;model{View.java[View^result" StructureKind="java" NumEvents="4" CreationCount="304"/><InteractionEvent Delta="null" EndDate="2015-10-10 15:19:47.326 EDT" Interest="1.0" Kind="edit" Navigation="null" OriginId="org.eclipse.jdt.ui.CompilationUnitEditor" StartDate="2015-10-10 15:19:47.326 EDT" StructureHandle="=Calculator/src&amp;lt;model{View.java[View^result" StructureKind="java"/><InteractionEvent Delta="null" EndDate="2015-10-10 15:50:01.692 EDT" Interest="0.92400026" Kind="manipulation" Navigation="null" OriginId="org.eclipse.mylyn.core.model.interest.decay.correction" StartDate="2015-10-10 15:46:48.570 EDT" StructureHandle="=Calculator/src&amp;lt;model{View.java[View^result" StructureKind="java" NumEvents="2" CreationCount="304"/><InteractionEvent Delta="null" EndDate="2015-10-17 16:20:41.267 EDT" Interest="2.0" Kind="selection" Navigation="null" OriginId="org.eclipse.jdt.ui.CompilationUnitEditor" StartDate="2015-10-17 16:20:20.894 EDT" StructureHandle="=Battleship/src&amp;lt;{Player.java[Player^fr" StructureKind="java" NumEvents="2" CreationCount="2308"/><InteractionEvent Delta="null" EndDate="2015-10-17 16:04:12.87 EDT" Interest="2.0" Kind="selection" Navigation="null" OriginId="org.eclipse.jdt.ui.CompilationUnitEditor" StartDate="2015-10-17 16:02:59.616 EDT" StructureHandle="=Battleship/src&amp;lt;{Bship.java[Bship~setBoard~I" StructureKind="java" NumEvents="2" CreationCount="2239"/><InteractionEvent Delta="null" EndDate="2015-10-17 16:03:58.91 EDT" Interest="1.0" Kind="edit" Navigation="null" OriginId="org.eclipse.jdt.ui.CompilationUnitEditor" StartDate="2015-10-17 16:03:58.91 EDT" StructureHandle="=Battleship/src&amp;lt;{Bship.java[Bship~setBoard~I" StructureKind="java"/><InteractionEvent Delta="null" EndDate="2015-10-17 15:26:19.37 EDT" Interest="2.0" Kind="selection" Navigation="null" OriginId="org.eclipse.jdt.ui.CompilationUnitEditor" StartDate="2015-10-17 15:25:33.50 EDT" StructureHandle="=Battleship/src&amp;lt;{Bship.java[Bship~getDirection~I" StructureKind="java" NumEvents="2" CreationCount="2134"/><InteractionEvent Delta="null" EndDate="2015-10-17 16:24:52.917 EDT" Interest="349.0" Kind="propagation" Navigation="null" OriginId="org.eclipse.jdt.ui.CompilationUnitEditor" StartDate="2015-10-17 15:11:43.746 EDT" StructureHandle="/Battleship" StructureKind="resource" NumEvents="349" CreationCount="1981"/><InteractionEvent Delta="null" EndDate="2015-10-17 15:19:51.702 EDT" Interest="1.0" Kind="propagation" Navigation="null" OriginId="org.eclipse.mylyn.resources.ui.interest.updater" StartDate="2015-10-17 15:19:51.702 EDT" StructureHandle="=Battleship/src&amp;lt;{BshipServer.java" StructureKind="java"/><InteractionEvent Delta="null" EndDate="2015-10-17 16:22:31.379 EDT" Interest="6.0" Kind="selection" Navigation="null" OriginId="org.eclipse.jdt.ui.CompilationUnitEditor" StartDate="2015-10-17 15:19:51.785 EDT" StructureHandle="=Battleship/src&amp;lt;{BshipServer.java" StructureKind="java" NumEvents="6" CreationCount="2062"/><InteractionEvent Delta="null" EndDate="2015-10-17 15:19:56.456 EDT" Interest="4.0" Kind="edit" Navigation="null" OriginId="org.eclipse.jdt.ui.CompilationUnitEditor" StartDate="2015-10-17 15:19:51.911 EDT" StructureHandle="=Battleship/src&amp;lt;{BshipServer.java" StructureKind="java" NumEvents="4" CreationCount="2062"/><InteractionEvent Delta="null" EndDate="2015-10-10 18:16:17.176 EDT" Interest="1.0" Kind="selection" Navigation="null" OriginId="org.eclipse.jdt.ui.CompilationUnitEditor" StartDate="2015-10-10 18:16:17.176 EDT" StructureHandle="=Calculator/src&amp;lt;model{View.java[View~View[!2~keyPressed~QKeyEvent;" StructureKind="java"/><InteractionEvent Delta="null" EndDate="2015-10-10 18:16:25.512 EDT" Interest="3.0" Kind="edit" Navigation="null" OriginId="org.eclipse.jdt.ui.CompilationUnitEditor" StartDate="2015-10-10 18:16:17.696 EDT" StructureHandle="=Calculator/src&amp;lt;model{View.java[View~View[!2~keyPressed~QKeyEvent;" StructureKind="java" NumEvents="3" CreationCount="1711"/><InteractionEvent Delta="null" EndDate="2015-10-17 15:10:44.960 EDT" Interest="923.34204" Kind="propagation" Navigation="org.eclipse.mylyn.core.model.edges.containment" OriginId="org.eclipse.mylyn.core.model.interest.propagation" StartDate="2015-10-09 21:52:50.509 EDT" StructureHandle="=Calculator/src" StructureKind="java" NumEvents="1324" CreationCount="1"/><InteractionEvent Delta="null" EndDate="2015-10-10 14:59:55.927 EDT" Interest="2.0" Kind="selection" Navigation="null" OriginId="org.eclipse.jdt.ui.PackageExplorer" StartDate="2015-10-09 22:25:47.927 EDT" StructureHandle="=Calculator/src" StructureKind="java" NumEvents="2" CreationCount="1"/><InteractionEvent Delta="null" EndDate="2015-10-10 15:33:31.447 EDT" Interest="1.0" Kind="selection" Navigation="null" OriginId="org.eclipse.jdt.ui.CompilationUnitEditor" StartDate="2015-10-10 15:33:31.447 EDT" StructureHandle="=Calculator/src&amp;lt;model{View.java[View^six" StructureKind="java"/><InteractionEvent Delta="null" EndDate="2015-10-09 22:25:18.625 EDT" Interest="7.0" Kind="selection" Navigation="null" OriginId="org.eclipse.jdt.ui.CompilationUnitEditor" StartDate="2015-10-09 21:52:51.131 EDT" StructureHandle="=Calculator/src&amp;lt;model{Input.java[Input~addInput~D" StructureKind="java" NumEvents="7" CreationCount="2"/><InteractionEvent Delta="null" EndDate="2015-10-09 22:15:46.352 EDT" Interest="59.0" Kind="edit" Navigation="null" OriginId="org.eclipse.jdt.ui.CompilationUnitEditor" StartDate="2015-10-09 21:53:05.307 EDT" StructureHandle="=Calculator/src&amp;lt;model{Input.java[Input~addInput~D" StructureKind="java" NumEvents="59" CreationCount="2"/><InteractionEvent Delta="null" EndDate="2015-10-17 15:23:28.63 EDT" Interest="2.0" Kind="selection" Navigation="null" OriginId="org.eclipse.jdt.ui.CompilationUnitEditor" StartDate="2015-10-17 15:16:31.874 EDT" StructureHandle="=Battleship/src&amp;lt;{InternetListener.java[InternetListener~actionPerformed~QActionEvent;" StructureKind="java" NumEvents="2" CreationCount="2019"/><InteractionEvent Delta="null" EndDate="2015-10-17 15:16:51.74 EDT" Interest="2.0" Kind="edit" Navigation="null" OriginId="org.eclipse.jdt.ui.CompilationUnitEditor" StartDate="2015-10-17 15:16:40.699 EDT" StructureHandle="=Battleship/src&amp;lt;{InternetListener.java[InternetListener~actionPerformed~QActionEvent;" StructureKind="java" NumEvents="2" CreationCount="2019"/><InteractionEvent Delta="null" EndDate="2015-10-17 16:16:01.813 EDT" Interest="4.0" Kind="selection" Navigation="null" OriginId="org.eclipse.jdt.ui.CompilationUnitEditor" StartDate="2015-10-17 16:15:58.959 EDT" StructureHandle="=Battleship/src&amp;lt;{Player.java[Player^fc" StructureKind="java" NumEvents="4" CreationCount="2277"/><InteractionEvent Delta="null" EndDate="2015-10-10 18:16:01.758 EDT" Interest="18.0" Kind="selection" Navigation="null" OriginId="org.eclipse.jdt.ui.CompilationUnitEditor" StartDate="2015-10-10 18:26:33.475 EDT" StructureHandle="=Calculator/src&amp;lt;model{View.java[View~View[~actionPerformed~QActionEvent;" StructureKind="java" NumEvents="2" CreationCount="363"/><InteractionEvent Delta="null" EndDate="2015-10-10 17:42:05.219 EDT" Interest="28.0" Kind="edit" Navigation="null" OriginId="org.eclipse.jdt.ui.CompilationUnitEditor" StartDate="2015-10-10 15:51:53.274 EDT" StructureHandle="=Calculator/src&amp;lt;model{View.java[View~View[~actionPerformed~QActionEvent;" StructureKind="java" NumEvents="28" CreationCount="612"/><InteractionEvent Delta="null" EndDate="2015-10-10 17:42:19.650 EDT" Interest="2.0" Kind="selection" Navigation="null" OriginId="org.eclipse.jdt.ui.CompilationUnitEditor" StartDate="2015-10-10 15:55:54.234 EDT" StructureHandle="=Calculator/src&amp;lt;model{View.java[View~View[!4~actionPerformed~QActionEvent;" StructureKind="java" NumEvents="2" CreationCount="676"/><InteractionEvent Delta="null" EndDate="2015-10-10 17:42:24.384 EDT" Interest="4.0" Kind="edit" Navigation="null" OriginId="org.eclipse.jdt.ui.CompilationUnitEditor" StartDate="2015-10-10 17:42:20.269 EDT" StructureHandle="=Calculator/src&amp;lt;model{View.java[View~View[!4~actionPerformed~QActionEvent;" StructureKind="java" NumEvents="4" CreationCount="676"/><InteractionEvent Delta="null" EndDate="2015-10-10 17:42:19.650 EDT" Interest="13.586" Kind="manipulation" Navigation="null" OriginId="org.eclipse.mylyn.core.model.interest.decay.correction" StartDate="2015-10-10 17:42:19.650 EDT" StructureHandle="=Calculator/src&amp;lt;model{View.java[View~View[!4~actionPerformed~QActionEvent;" StructureKind="java"/><InteractionEvent Delta="null" EndDate="2015-10-24 09:00:37.94 EDT" Interest="346.017" Kind="propagation" Navigation="org.eclipse.mylyn.core.model.edges.containment" OriginId="org.eclipse.mylyn.core.model.interest.propagation" StartDate="2015-10-17 15:11:45.90 EDT" StructureHandle="=Battleship" StructureKind="resource" NumEvents="348" CreationCount="1981"/><InteractionEvent Delta="null" EndDate="2015-10-24 09:19:26.216 EDT" Interest="6.0" Kind="selection" Navigation="null" OriginId="org.eclipse.ui.navigator.ProjectExplorer" StartDate="2015-10-17 15:11:43.746 EDT" StructureHandle="=Battleship" StructureKind="java" NumEvents="6" CreationCount="1981"/><InteractionEvent Delta="null" EndDate="2015-10-17 16:04:51.390 EDT" Interest="3.0" Kind="selection" Navigation="null" OriginId="org.eclipse.jdt.ui.CompilationUnitEditor" StartDate="2015-10-17 16:04:47.374 EDT" StructureHandle="=Battleship/src&amp;lt;{Player.java[Player~getMHS~I~I" StructureKind="java" NumEvents="3" CreationCount="2254"/><InteractionEvent Delta="null" EndDate="2015-10-17 15:25:12.706 EDT" Interest="1.0" Kind="selection" Navigation="null" OriginId="org.eclipse.jdt.ui.CompilationUnitEditor" StartDate="2015-10-17 15:25:12.706 EDT" StructureHandle="=Battleship/src&amp;lt;{Bship.java[Bship~getPlayers~I" StructureKind="java"/><InteractionEvent Delta="null" EndDate="2015-10-17 15:25:17.675 EDT" Interest="1.0" Kind="edit" Navigation="null" OriginId="org.eclipse.jdt.ui.CompilationUnitEditor" StartDate="2015-10-17 15:25:17.675 EDT" StructureHandle="=Battleship/src&amp;lt;{Bship.java[Bship~getPlayers~I" StructureKind="java"/><InteractionEvent Delta="null" EndDate="2015-10-10 16:04:42.94 EDT" Interest="1.0" Kind="selection" Navigation="null" OriginId="org.eclipse.jdt.ui.CompilationUnitEditor" StartDate="2015-10-10 16:04:42.94 EDT" StructureHandle="=Calculator/src&amp;lt;model{View.java[View~View[!12~actionPerformed~QActionEvent;" StructureKind="java"/><InteractionEvent Delta="null" EndDate="2015-10-17 15:16:17.768 EDT" Interest="1.0" Kind="propagation" Navigation="null" OriginId="org.eclipse.mylyn.resources.ui.interest.updater" StartDate="2015-10-17 15:16:17.768 EDT" StructureHandle="=Battleship/src&amp;lt;{InternetListener.java" StructureKind="java"/><InteractionEvent Delta="null" EndDate="2015-10-17 15:23:28.32 EDT" Interest="4.0" Kind="selection" Navigation="null" OriginId="org.eclipse.jdt.ui.CompilationUnitEditor" StartDate="2015-10-17 15:16:17.893 EDT" StructureHandle="=Battleship/src&amp;lt;{InternetListener.java" StructureKind="java" NumEvents="4" CreationCount="2012"/><InteractionEvent Delta="null" EndDate="2015-10-17 15:16:29.562 EDT" Interest="4.0" Kind="edit" Navigation="null" OriginId="org.eclipse.jdt.ui.CompilationUnitEditor" StartDate="2015-10-17 15:16:18.33 EDT" StructureHandle="=Battleship/src&amp;lt;{InternetListener.java" StructureKind="java" NumEvents="4" CreationCount="2012"/><InteractionEvent Delta="null" EndDate="2015-10-09 22:15:57.22 EDT" Interest="1.0" Kind="selection" Navigation="null" OriginId="org.eclipse.jdt.ui.CompilationUnitEditor" StartDate="2015-10-09 22:15:57.22 EDT" StructureHandle="=Calculator/src&amp;lt;model{Input.java[Input~setInput~QArrayList\&amp;lt;QDouble;&amp;gt;;" StructureKind="java"/><InteractionEvent Delta="null" EndDate="2015-10-17 15:23:25.849 EDT" Interest="14.0" Kind="propagation" Navigation="null" OriginId="org.eclipse.jdt.ui.CompilationUnitEditor" StartDate="2015-10-17 15:21:13.468 EDT" StructureHandle="/Battleship/src/BshipThread.java" StructureKind="resource" NumEvents="14" CreationCount="2072"/><InteractionEvent Delta="null" EndDate="2015-10-10 17:04:55.3 EDT" Interest="2.0" Kind="selection" Navigation="null" OriginId="org.eclipse.jdt.ui.CompilationUnitEditor" StartDate="2015-10-10 17:03:59.885 EDT" StructureHandle="=Calculator/src&amp;lt;model{InputTest.java#org.junit.Test" StructureKind="java" NumEvents="2" CreationCount="1169"/><InteractionEvent Delta="null" EndDate="2015-10-17 15:01:07.106 EDT" Interest="6.0" Kind="selection" Navigation="null" OriginId="org.eclipse.jdt.ui.PackageExplorer" StartDate="2015-10-10 18:37:05.901 EDT" StructureHandle="=Calculator/src&amp;lt;model{View.java[View~main~\[QString;" StructureKind="java" NumEvents="6" CreationCount="510"/><InteractionEvent Delta="null" EndDate="2015-10-17 15:10:27.847 EDT" Interest="21.0" Kind="edit" Navigation="null" OriginId="org.eclipse.jdt.ui.CompilationUnitEditor" StartDate="2015-10-11 20:21:28.767 EDT" StructureHandle="=Calculator/src&amp;lt;model{View.java[View~main~\[QString;" StructureKind="java" NumEvents="21" CreationCount="510"/><InteractionEvent Delta="null" EndDate="2015-10-11 20:21:26.232 EDT" Interest="23.463001" Kind="manipulation" Navigation="null" OriginId="org.eclipse.mylyn.core.model.interest.decay.correction" StartDate="2015-10-11 20:21:26.232 EDT" StructureHandle="=Calculator/src&amp;lt;model{View.java[View~main~\[QString;" StructureKind="java"/><InteractionEvent Delta="null" EndDate="2015-10-17 16:04:14.639 EDT" Interest="7.1" Kind="propagation" Navigation="org.eclipse.mylyn.core.model.edges.containment" OriginId="org.eclipse.mylyn.core.model.interest.propagation" StartDate="2015-10-17 15:18:15.851 EDT" StructureHandle="=Battleship/src&amp;lt;{Ship.java[Ship" StructureKind="java" NumEvents="8" CreationCount="2043"/><InteractionEvent Delta="null" EndDate="2015-10-10 16:04:17.858 EDT" Interest="1.0" Kind="selection" Navigation="null" OriginId="org.eclipse.jdt.ui.CompilationUnitEditor" StartDate="2015-10-10 16:04:17.858 EDT" StructureHandle="=Calculator/src&amp;lt;model{View.java[View^subtract" StructureKind="java"/><InteractionEvent Delta="null" EndDate="2015-10-10 15:33:54.248 EDT" Interest="1.0" Kind="selection" Navigation="null" OriginId="org.eclipse.jdt.ui.CompilationUnitEditor" StartDate="2015-10-10 15:33:54.248 EDT" StructureHandle="=Calculator/src&amp;lt;model{View.java[View^seven" StructureKind="java"/><InteractionEvent Delta="null" EndDate="2015-10-10 15:33:55.579 EDT" Interest="2.0" Kind="edit" Navigation="null" OriginId="org.eclipse.jdt.ui.CompilationUnitEditor" StartDate="2015-10-10 15:33:55.111 EDT" StructureHandle="=Calculator/src&amp;lt;model{View.java[View^seven" StructureKind="java" NumEvents="2" CreationCount="431"/><InteractionEvent Delta="null" EndDate="2015-10-24 09:22:09.722 EDT" Interest="2440.0" Kind="propagation" Navigation="null" OriginId="org.eclipse.ui.navigator.ProjectExplorer" StartDate="2015-10-09 21:52:50.508 EDT" StructureHandle="/Calculator/src/model" StructureKind="resource" NumEvents="2440" CreationCount="1"/><InteractionEvent Delta="null" EndDate="2015-10-10 17:42:58.528 EDT" Interest="2.0" Kind="selection" Navigation="null" OriginId="org.eclipse.jdt.ui.CompilationUnitEditor" StartDate="2015-10-10 16:03:17.968 EDT" StructureHandle="=Calculator/src&amp;lt;model{View.java[View~View[!11~actionPerformed~QActionEvent;" StructureKind="java" NumEvents="2" CreationCount="835"/><InteractionEvent Delta="null" EndDate="2015-10-10 16:03:32.870 EDT" Interest="4.0" Kind="edit" Navigation="null" OriginId="org.eclipse.jdt.ui.CompilationUnitEditor" StartDate="2015-10-10 16:03:18.899 EDT" StructureHandle="=Calculator/src&amp;lt;model{View.java[View~View[!11~actionPerformed~QActionEvent;" StructureKind="java" NumEvents="4" CreationCount="835"/><InteractionEvent Delta="null" EndDate="2015-10-10 17:42:58.528 EDT" Interest="8.610001" Kind="manipulation" Navigation="null" OriginId="org.eclipse.mylyn.core.model.interest.decay.correction" StartDate="2015-10-10 17:42:58.528 EDT" StructureHandle="=Calculator/src&amp;lt;model{View.java[View~View[!11~actionPerformed~QActionEvent;" StructureKind="java"/><InteractionEvent Delta="null" EndDate="2015-10-10 14:59:53.868 EDT" Interest="3.0" Kind="selection" Navigation="null" OriginId="org.eclipse.jdt.ui.PackageExplorer" StartDate="2015-10-09 22:31:31.282 EDT" StructureHandle="=Calculator/src&amp;lt;model{BasicAlgebra.java[BasicAlgebra~subAll~\[D" StructureKind="java" NumEvents="3" CreationCount="160"/><InteractionEvent Delta="null" EndDate="2015-10-10 14:58:56.827 EDT" Interest="86.0" Kind="edit" Navigation="null" OriginId="org.eclipse.jdt.ui.CompilationUnitEditor" StartDate="2015-10-09 22:37:32.822 EDT" StructureHandle="=Calculator/src&amp;lt;model{BasicAlgebra.java[BasicAlgebra~subAll~\[D" StructureKind="java" NumEvents="86" CreationCount="160"/><InteractionEvent Delta="null" EndDate="2015-10-10 17:06:17.352 EDT" Interest="1.0" Kind="selection" Navigation="null" OriginId="org.eclipse.jdt.ui.CompilationUnitEditor" StartDate="2015-10-10 17:06:17.352 EDT" StructureHandle="=Calculator/src&amp;lt;model{BasicAlgebra.java#java.util.*" StructureKind="java"/><InteractionEvent Delta="null" EndDate="2015-10-09 21:55:53.864 EDT" Interest="3.0" Kind="selection" Navigation="null" OriginId="org.eclipse.jdt.ui.CompilationUnitEditor" StartDate="2015-10-09 21:52:50.507 EDT" StructureHandle="=Calculator/src&amp;lt;model{Input.java[Input~Input~\[D" StructureKind="java" NumEvents="3" CreationCount="1"/><InteractionEvent Delta="null" EndDate="2015-10-09 22:00:45.563 EDT" Interest="38.0" Kind="edit" Navigation="null" OriginId="org.eclipse.jdt.ui.CompilationUnitEditor" StartDate="2015-10-09 21:54:24.777 EDT" StructureHandle="=Calculator/src&amp;lt;model{Input.java[Input~Input~\[D" StructureKind="java" NumEvents="38" CreationCount="1"/><InteractionEvent Delta="null" EndDate="2015-10-10 18:57:07.351 EDT" Interest="3.0" Kind="selection" Navigation="null" OriginId="org.eclipse.jdt.ui.CompilationUnitEditor" StartDate="2015-10-10 15:56:05.151 EDT" StructureHandle="=Calculator/src&amp;lt;model{View.java[View~View[!5~actionPerformed~QActionEvent;" StructureKind="java" NumEvents="3" CreationCount="682"/><InteractionEvent Delta="null" EndDate="2015-10-10 17:42:27.917 EDT" Interest="2.0" Kind="edit" Navigation="null" OriginId="org.eclipse.jdt.ui.CompilationUnitEditor" StartDate="2015-10-10 17:42:26.672 EDT" StructureHandle="=Calculator/src&amp;lt;model{View.java[View~View[!5~actionPerformed~QActionEvent;" StructureKind="java" NumEvents="2" CreationCount="682"/><InteractionEvent Delta="null" EndDate="2015-10-10 18:57:07.351 EDT" Interest="25.16" Kind="manipulation" Navigation="null" OriginId="org.eclipse.mylyn.core.model.interest.decay.correction" StartDate="2015-10-10 17:42:25.691 EDT" StructureHandle="=Calculator/src&amp;lt;model{View.java[View~View[!5~actionPerformed~QActionEvent;" StructureKind="java" NumEvents="2" CreationCount="682"/><InteractionEvent Delta="null" EndDate="2015-10-24 09:16:31.87 EDT" Interest="58.423004" Kind="propagation" Navigation="org.eclipse.mylyn.core.model.edges.containment" OriginId="org.eclipse.mylyn.core.model.interest.propagation" StartDate="2015-10-09 21:52:50.508 EDT" StructureHandle="=Calculator/src&amp;lt;model{Input.java" StructureKind="java" NumEvents="81" CreationCount="1"/><InteractionEvent Delta="null" EndDate="2015-10-24 09:22:09.722 EDT" Interest="28.0" Kind="selection" Navigation="null" OriginId="org.eclipse.ui.navigator.ProjectExplorer" StartDate="2015-10-09 21:53:45.764 EDT" StructureHandle="=Calculator/src&amp;lt;model{Input.java" StructureKind="java" NumEvents="28" CreationCount="1"/></InteractionHistory>